Date,ZAR_USD,Rainfall_mm,Fuel_Price
2015-01-01,12.0,0.0,12.35
2015-01-02,12.0274,14.1,12.35
2015-01-05,11.9336,12.5,12.35
2015-01-06,12.0019,6.0,12.35
2015-01-07,12.0866,4.6,12.35
2015-01-08,11.9102,12.5,12.35
2015-01-09,11.7941,0.0,12.35
2015-01-12,11.8078,40.2,12.35
2015-01-13,11.7814,0.0,12.35
2015-01-14,11.7823,0.5,12.35
2015-01-15,11.7079,28.1,12.35
2015-01-16,11.7902,2.7,12.35
2015-01-19,11.8625,5.7,12.35
2015-01-20,11.8701,0.0,12.35
2015-01-21,11.9732,0.0,12.35
2015-01-22,12.0158,0.0,12.35
2015-01-23,11.9387,0.3,12.35
2015-01-26,11.9728,0.0,12.35
2015-01-27,11.8872,8.6,12.35
2015-01-28,11.9678,0.0,12.35
2015-01-29,11.964,12.9,12.35
2015-01-30,11.9482,3.1,12.35
2015-02-02,11.8879,12.3,12.85
2015-02-03,11.9995,0.8,12.85
2015-02-04,11.9861,8.2,12.85
2015-02-05,11.9482,0.0,12.85
2015-02-06,11.9176,0.0,12.85
2015-02-09,11.9669,0.0,12.85
2015-02-10,12.0007,9.6,12.85
2015-02-11,12.0384,0.0,12.85
2015-02-12,12.0774,22.9,12.85
2015-02-13,12.2701,0.0,12.85
2015-02-16,12.2314,26.7,12.85
2015-02-17,12.1837,5.5,12.85
2015-02-18,12.1094,0.0,12.85
2015-02-19,12.1644,0.4,12.85
2015-02-20,12.2651,16.4,12.85
2015-02-23,12.253,0.0,12.85
2015-02-24,12.1757,13.0,12.85
2015-02-25,12.1005,0.0,12.85
2015-02-26,12.1589,0.0,12.85
2015-02-27,12.2251,0.0,12.85
2015-03-02,12.2726,0.0,13.21
2015-03-03,12.2109,0.0,13.21
2015-03-04,12.2306,0.0,13.21
2015-03-05,12.2397,0.0,13.21
2015-03-06,12.2579,0.0,13.21
2015-03-09,12.3348,3.6,13.21
2015-03-10,12.3526,4.9,13.21
2015-03-11,12.4112,0.0,13.21
2015-03-12,12.4142,6.4,13.21
2015-03-13,12.4371,20.9,13.21
2015-03-16,12.4906,6.6,13.21
2015-03-17,12.3557,0.0,13.21
2015-03-18,12.3245,7.8,13.21
2015-03-19,12.2801,0.0,13.21
2015-03-20,12.2209,0.0,13.21
2015-03-23,12.1952,0.0,13.21
2015-03-24,12.329,6.3,13.21
2015-03-25,12.249,0.0,13.21
2015-03-26,12.3349,0.0,13.21
2015-03-27,12.1814,0.0,13.21
2015-03-30,12.1507,0.0,13.21
2015-03-31,12.1652,1.7,13.21
2015-04-01,12.2176,0.0,13.19
2015-04-02,12.2808,2.3,13.19
2015-04-03,12.3508,0.0,13.19
2015-04-06,12.3173,0.0,13.19
2015-04-07,12.2739,4.2,13.19
2015-04-08,12.3498,0.0,13.19
2015-04-09,12.3306,3.0,13.19
2015-04-10,12.214,0.0,13.19
2015-04-13,12.1113,0.0,13.19
2015-04-14,12.029,11.6,13.19
2015-04-15,12.075,7.3,13.19
2015-04-16,12.0886,0.0,13.19
2015-04-17,12.1515,3.5,13.19
2015-04-20,12.1131,0.0,13.19
2015-04-21,12.1279,0.0,13.19
2015-04-22,12.1846,0.0,13.19
2015-04-23,12.1565,3.2,13.19
2015-04-24,12.1978,0.0,13.19
2015-04-27,12.138,0.0,13.19
2015-04-28,12.1056,4.0,13.19
2015-04-29,12.072,0.0,13.19
2015-04-30,11.9654,4.6,13.19
2015-05-01,12.0114,0.0,12.83
2015-05-04,11.9708,0.0,12.83
2015-05-05,11.9741,0.0,12.83
2015-05-06,12.0195,0.0,12.83
2015-05-07,12.0614,0.0,12.83
2015-05-08,12.1225,11.0,12.83
2015-05-11,12.1144,0.0,12.83
2015-05-12,12.0771,0.0,12.83
2015-05-13,12.0711,0.0,12.83
2015-05-14,11.9205,0.0,12.83
2015-05-15,11.7931,0.0,12.83
2015-05-18,11.6781,1.0,12.83
2015-05-19,11.5936,0.0,12.83
2015-05-20,11.6357,0.0,12.83
2015-05-21,11.56,0.0,12.83
2015-05-22,11.5325,0.0,12.83
2015-05-25,11.6562,0.0,12.83
2015-05-26,11.6297,4.3,12.83
2015-05-27,11.702,0.0,12.83
2015-05-28,11.6231,0.0,12.83
2015-05-29,11.6106,0.0,12.83
2015-06-01,11.5313,0.0,12.77
2015-06-02,11.5077,0.0,12.77
2015-06-03,11.5905,0.0,12.77
2015-06-04,11.4415,0.0,12.77
2015-06-05,11.4885,0.0,12.77
2015-06-08,11.5173,0.0,12.77
2015-06-09,11.471,0.0,12.77
2015-06-10,11.3486,0.0,12.77
2015-06-11,11.364,0.0,12.77
2015-06-12,11.3251,0.0,12.77
2015-06-15,11.3552,2.4,12.77
2015-06-16,11.3661,0.0,12.77
2015-06-17,11.5191,0.0,12.77
2015-06-18,11.5049,0.0,12.77
2015-06-19,11.4202,0.0,12.77
2015-06-22,11.4447,0.0,12.77
2015-06-23,11.4726,0.0,12.77
2015-06-24,11.6028,0.0,12.77
2015-06-25,11.6846,0.0,12.77
2015-06-26,11.7225,0.0,12.77
2015-06-29,11.8596,0.0,12.77
2015-06-30,11.7567,0.0,12.77
2015-07-01,11.7043,0.0,13.03
2015-07-02,11.6265,0.0,13.03
2015-07-03,11.5979,0.0,13.03
2015-07-06,11.4808,0.0,13.03
2015-07-07,11.546,0.0,13.03
2015-07-08,11.5333,0.0,13.03
2015-07-09,11.4084,0.0,13.03
2015-07-10,11.3258,0.1,13.03
2015-07-13,11.3636,0.0,13.03
2015-07-14,11.4483,0.0,13.03
2015-07-15,11.6364,0.0,13.03
2015-07-16,11.9052,0.0,13.03
2015-07-17,11.9464,0.0,13.03
2015-07-20,11.8608,0.0,13.03
2015-07-21,11.6733,0.0,13.03
2015-07-22,11.7037,0.0,13.03
2015-07-23,11.6365,0.0,13.03
2015-07-24,11.6058,0.0,13.03
2015-07-27,11.5578,0.0,13.03
2015-07-28,11.5526,0.0,13.03
2015-07-29,11.6561,0.0,13.03
2015-07-30,11.6769,0.0,13.03
2015-07-31,11.669,0.0,13.03
2015-08-03,11.5822,0.0,13.16
2015-08-04,11.4389,0.0,13.16
2015-08-05,11.404,0.0,13.16
2015-08-06,11.4083,0.0,13.16
2015-08-07,11.5766,0.0,13.16
2015-08-10,11.5959,0.0,13.16
2015-08-11,11.6916,0.0,13.16
2015-08-12,11.6531,0.0,13.16
2015-08-13,11.5533,0.0,13.16
2015-08-14,11.4743,3.5,13.16
2015-08-17,11.4176,3.5,13.16
2015-08-18,11.6184,0.0,13.16
2015-08-19,11.5517,0.0,13.16
2015-08-20,11.6351,0.0,13.16
2015-08-21,11.561,0.0,13.16
2015-08-24,11.6527,0.0,13.16
2015-08-25,11.6944,0.0,13.16
2015-08-26,11.6868,0.0,13.16
2015-08-27,11.6899,0.0,13.16
2015-08-28,11.6376,0.0,13.16
2015-08-31,11.685,0.0,13.16
2015-09-01,11.6508,0.0,13.26
2015-09-02,11.5476,0.0,13.26
2015-09-03,11.4408,0.0,13.26
2015-09-04,11.4656,0.0,13.26
2015-09-07,11.6168,0.0,13.26
2015-09-08,11.6387,0.0,13.26
2015-09-09,11.6354,0.0,13.26
2015-09-10,11.6685,0.0,13.26
2015-09-11,11.7932,0.0,13.26
2015-09-14,11.8188,1.4,13.26
2015-09-15,11.7874,0.0,13.26
2015-09-16,11.893,0.0,13.26
2015-09-17,11.9365,0.0,13.26
2015-09-18,12.0792,9.2,13.26
2015-09-21,12.0988,0.0,13.26
2015-09-22,11.9916,0.0,13.26
2015-09-23,11.8725,0.0,13.26
2015-09-24,12.0263,7.9,13.26
2015-09-25,12.1852,2.3,13.26
2015-09-28,12.1712,0.0,13.26
2015-09-29,12.139,2.5,13.26
2015-09-30,12.2732,0.0,13.26
2015-10-01,12.1749,0.0,13.39
2015-10-02,12.0967,0.0,13.39
2015-10-05,12.1578,0.0,13.39
2015-10-06,12.1248,1.0,13.39
2015-10-07,12.1273,1.1,13.39
2015-10-08,12.1155,0.0,13.39
2015-10-09,12.1489,0.0,13.39
2015-10-12,12.2783,0.0,13.39
2015-10-13,12.2879,27.8,13.39
2015-10-14,12.3473,0.0,13.39
2015-10-15,12.1636,0.0,13.39
2015-10-16,12.1619,1.3,13.39
2015-10-19,12.0887,11.8,13.39
2015-10-20,11.9824,0.0,13.39
2015-10-21,11.908,7.2,13.39
2015-10-22,11.8832,0.0,13.39
2015-10-23,11.9712,0.0,13.39
2015-10-26,11.8566,0.0,13.39
2015-10-27,11.8652,0.0,13.39
2015-10-28,11.8274,0.0,13.39
2015-10-29,11.8042,3.1,13.39
2015-10-30,11.9009,8.5,13.39
2015-11-02,11.9549,0.0,13.72
2015-11-03,12.0802,20.2,13.72
2015-11-04,12.0701,4.7,13.72
2015-11-05,12.0114,7.6,13.72
2015-11-06,11.9957,10.1,13.72
2015-11-09,12.0222,1.0,13.72
2015-11-10,12.0426,3.8,13.72
2015-11-11,11.9492,0.0,13.72
2015-11-12,11.9626,16.4,13.72
2015-11-13,11.9882,0.0,13.72
2015-11-16,12.2197,0.0,13.72
2015-11-17,12.3911,22.0,13.72
2015-11-18,12.3152,0.0,13.72
2015-11-19,12.291,0.0,13.72
2015-11-20,12.1612,0.0,13.72
2015-11-23,12.1113,1.8,13.72
2015-11-24,12.1435,6.3,13.72
2015-11-25,12.2554,30.3,13.72
2015-11-26,12.1922,0.0,13.72
2015-11-27,12.1363,0.0,13.72
2015-11-30,11.9467,0.0,13.72
2015-12-01,11.9375,0.0,13.76
2015-12-02,11.8475,0.0,13.76
2015-12-03,11.8064,0.0,13.76
2015-12-04,11.7345,33.6,13.76
2015-12-07,11.7337,0.0,13.76
2015-12-08,11.5833,2.0,13.76
2015-12-09,11.4605,10.6,13.76
2015-12-10,11.6626,0.0,13.76
2015-12-11,11.5553,0.0,13.76
2015-12-14,11.4662,15.3,13.76
2015-12-15,11.642,7.5,13.76
2015-12-16,11.9123,26.0,13.76
2015-12-17,11.8129,5.7,13.76
2015-12-18,11.7869,34.2,13.76
2015-12-21,11.8251,0.0,13.76
2015-12-22,11.9877,0.0,13.76
2015-12-23,11.9043,0.2,13.76
2015-12-24,11.8885,20.9,13.76
2015-12-25,11.9649,10.5,13.76
2015-12-28,12.0098,35.1,13.76
2015-12-29,11.9812,0.0,13.76
2015-12-30,11.9748,0.0,13.76
2015-12-31,11.8567,0.0,13.76
2016-01-01,11.8422,4.9,13.98
2016-01-04,11.8253,0.0,13.98
2016-01-05,11.8534,3.3,13.98
2016-01-06,11.8104,30.5,13.98
2016-01-07,11.8603,0.0,13.98
2016-01-08,11.9584,0.0,13.98
2016-01-11,11.9784,0.0,13.98
2016-01-12,12.0159,0.0,13.98
2016-01-13,12.0261,0.0,13.98
2016-01-14,12.0315,0.0,13.98
2016-01-15,11.9719,17.5,13.98
2016-01-18,12.0064,8.4,13.98
2016-01-19,12.0032,19.7,13.98
2016-01-20,12.1973,30.5,13.98
2016-01-21,12.3427,8.7,13.98
2016-01-22,12.3798,8.7,13.98
2016-01-25,12.3131,0.0,13.98
2016-01-26,12.2157,0.0,13.98
2016-01-27,12.3265,0.0,13.98
2016-01-28,12.3528,7.5,13.98
2016-01-29,12.3983,0.0,13.98
2016-02-01,12.2432,6.9,13.69
2016-02-02,12.3302,2.1,13.69
2016-02-03,12.3737,23.2,13.69
2016-02-04,12.276,4.7,13.69
2016-02-05,12.2368,2.8,13.69
2016-02-08,12.2641,0.0,13.69
2016-02-09,12.2723,0.0,13.69
2016-02-10,12.2493,0.0,13.69
2016-02-11,12.2435,10.3,13.69
2016-02-12,12.2245,0.0,13.69
2016-02-15,12.2421,0.0,13.69
2016-02-16,12.3782,4.1,13.69
2016-02-17,12.1496,0.0,13.69
2016-02-18,12.1329,8.4,13.69
2016-02-19,12.1537,12.2,13.69
2016-02-22,12.185,7.2,13.69
2016-02-23,12.1559,0.0,13.69
2016-02-24,12.0025,13.2,13.69
2016-02-25,12.0383,6.8,13.69
2016-02-26,12.1996,15.7,13.69
2016-02-29,12.0659,0.0,13.69
2016-03-01,12.1493,13.2,14.65
2016-03-02,12.1246,13.8,14.65
2016-03-03,12.1242,10.0,14.65
2016-03-04,12.0346,0.0,14.65
2016-03-07,12.0106,0.0,14.65
2016-03-08,12.1339,0.0,14.65
2016-03-09,12.1915,8.1,14.65
2016-03-10,12.352,1.5,14.65
2016-03-11,12.4609,0.0,14.65
2016-03-14,12.5023,17.4,14.65
2016-03-15,12.6608,0.0,14.65
2016-03-16,12.7003,0.0,14.65
2016-03-17,12.7744,0.0,14.65
2016-03-18,12.7466,0.0,14.65
2016-03-21,12.7517,0.0,14.65
2016-03-22,12.6881,7.3,14.65
2016-03-23,12.7769,0.0,14.65
2016-03-24,12.6698,6.2,14.65
2016-03-25,12.7402,0.0,14.65
2016-03-28,12.7224,0.8,14.65
2016-03-29,12.8273,7.1,14.65
2016-03-30,12.8934,0.0,14.65
2016-03-31,13.0551,5.5,14.65
2016-04-01,13.1172,15.7,14.61
2016-04-04,12.9713,0.0,14.61
2016-04-05,12.9625,4.5,14.61
2016-04-06,12.8542,0.0,14.61
2016-04-07,12.8059,0.0,14.61
2016-04-08,12.9408,17.8,14.61
2016-04-11,12.9957,4.3,14.61
2016-04-12,12.9298,0.0,14.61
2016-04-13,12.8363,0.0,14.61
2016-04-14,12.8379,7.9,14.61
2016-04-15,12.727,0.0,14.61
2016-04-18,12.6664,0.0,14.61
2016-04-19,12.6949,0.0,14.61
2016-04-20,12.799,0.0,14.61
2016-04-21,12.8529,0.0,14.61
2016-04-22,12.6453,0.0,14.61
2016-04-25,12.6734,0.0,14.61
2016-04-26,12.6803,0.0,14.61
2016-04-27,12.7179,0.0,14.61
2016-04-28,12.8634,1.3,14.61
2016-04-29,12.6763,0.0,14.61
2016-05-02,12.6236,25.0,14.74
2016-05-03,12.6778,0.0,14.74
2016-05-04,12.536,5.2,14.74
2016-05-05,12.6708,8.6,14.74
2016-05-06,12.7046,0.0,14.74
2016-05-09,12.7811,0.0,14.74
2016-05-10,12.7293,0.0,14.74
2016-05-11,12.8026,22.0,14.74
2016-05-12,12.8982,0.0,14.74
2016-05-13,12.9176,0.0,14.74
2016-05-16,12.937,0.0,14.74
2016-05-17,12.9594,0.0,14.74
2016-05-18,12.8796,0.0,14.74
2016-05-19,12.8651,0.0,14.74
2016-05-20,12.8503,0.0,14.74
2016-05-23,12.8838,0.0,14.74
2016-05-24,12.9726,0.0,14.74
2016-05-25,12.8752,0.0,14.74
2016-05-26,12.8628,2.6,14.74
2016-05-27,12.9952,0.0,14.74
2016-05-30,12.926,0.0,14.74
2016-05-31,12.8504,0.0,14.74
2016-06-01,12.8678,0.0,15.0
2016-06-02,12.9429,0.0,15.0
2016-06-03,12.9422,15.1,15.0
2016-06-06,13.0602,3.0,15.0
2016-06-07,13.1345,2.9,15.0
2016-06-08,13.2067,0.0,15.0
2016-06-09,13.2524,9.1,15.0
2016-06-10,13.4572,0.0,15.0
2016-06-13,13.432,0.0,15.0
2016-06-14,13.2453,0.0,15.0
2016-06-15,13.3852,0.0,15.0
2016-06-16,13.3381,0.0,15.0
2016-06-17,13.3424,5.0,15.0
2016-06-20,13.4548,0.0,15.0
2016-06-21,13.304,0.0,15.0
2016-06-22,13.1864,10.6,15.0
2016-06-23,13.0384,0.0,15.0
2016-06-24,12.9647,5.6,15.0
2016-06-27,13.0027,0.0,15.0
2016-06-28,13.0479,0.0,15.0
2016-06-29,13.0705,0.0,15.0
2016-06-30,12.9408,0.0,15.0
2016-07-01,12.7316,0.0,14.91
2016-07-04,12.7374,0.0,14.91
2016-07-05,12.6958,0.0,14.91
2016-07-06,12.7384,0.0,14.91
2016-07-07,12.8024,0.0,14.91
2016-07-08,12.8151,0.0,14.91
2016-07-11,12.8837,0.0,14.91
2016-07-12,12.9038,0.1,14.91
2016-07-13,12.9508,0.0,14.91
2016-07-14,12.8862,0.0,14.91
2016-07-15,12.8696,0.0,14.91
2016-07-18,12.887,0.0,14.91
2016-07-19,12.9604,0.0,14.91
2016-07-20,12.9238,0.0,14.91
2016-07-21,12.97,0.0,14.91
2016-07-22,12.9448,0.0,14.91
2016-07-25,12.9333,0.0,14.91
2016-07-26,13.0072,0.0,14.91
2016-07-27,12.8263,0.0,14.91
2016-07-28,12.7099,0.0,14.91
2016-07-29,12.578,0.0,14.91
2016-08-01,12.3708,0.0,14.98
2016-08-02,12.3147,0.0,14.98
2016-08-03,12.3876,0.0,14.98
2016-08-04,12.3668,0.0,14.98
2016-08-05,12.3896,1.2,14.98
2016-08-08,12.4925,0.0,14.98
2016-08-09,12.6158,0.6,14.98
2016-08-10,12.6122,0.0,14.98
2016-08-11,12.7366,0.0,14.98
2016-08-12,12.7464,0.0,14.98
2016-08-15,12.6724,0.0,14.98
2016-08-16,12.621,0.0,14.98
2016-08-17,12.4904,0.0,14.98
2016-08-18,12.4144,0.0,14.98
2016-08-19,12.387,0.0,14.98
2016-08-22,12.4644,0.0,14.98
2016-08-23,12.6235,0.0,14.98
2016-08-24,12.5019,0.0,14.98
2016-08-25,12.5412,0.0,14.98
2016-08-26,12.4511,0.0,14.98
2016-08-29,12.4984,0.0,14.98
2016-08-30,12.4907,0.0,14.98
2016-08-31,12.33,1.0,14.98
2016-09-01,12.4194,0.0,15.04
2016-09-02,12.3699,0.0,15.04
2016-09-05,12.3272,3.8,15.04
2016-09-06,12.2368,0.0,15.04
2016-09-07,12.1848,3.0,15.04
2016-09-08,12.2306,0.0,15.04
2016-09-09,12.2205,0.0,15.04
2016-09-12,12.2571,6.8,15.04
2016-09-13,12.2964,0.0,15.04
2016-09-14,12.4216,0.0,15.04
2016-09-15,12.3958,0.0,15.04
2016-09-16,12.2683,0.0,15.04
2016-09-19,12.371,0.0,15.04
2016-09-20,12.3468,0.0,15.04
2016-09-21,12.453,0.0,15.04
2016-09-22,12.4924,2.6,15.04
2016-09-23,12.4851,0.0,15.04
2016-09-26,12.5211,0.0,15.04
2016-09-27,12.7009,0.0,15.04
2016-09-28,12.8904,0.0,15.04
2016-09-29,12.8972,0.0,15.04
2016-09-30,12.9122,13.9,15.04
2016-10-03,13.0095,0.0,14.78
2016-10-04,12.9328,0.0,14.78
2016-10-05,12.9631,15.2,14.78
2016-10-06,12.9608,0.0,14.78
2016-10-07,12.989,0.0,14.78
2016-10-10,12.9138,0.7,14.78
2016-10-11,12.7713,4.9,14.78
2016-10-12,12.5867,0.0,14.78
2016-10-13,12.49,0.0,14.78
2016-10-14,12.4535,5.8,14.78
2016-10-17,12.4324,0.0,14.78
2016-10-18,12.6122,0.0,14.78
2016-10-19,12.7154,0.0,14.78
2016-10-20,12.6315,0.0,14.78
2016-10-21,12.6663,0.0,14.78
2016-10-24,12.6329,0.0,14.78
2016-10-25,12.6109,9.9,14.78
2016-10-26,12.6313,0.0,14.78
2016-10-27,12.6907,8.6,14.78
2016-10-28,12.6632,0.0,14.78
2016-10-31,12.7623,6.8,14.78
2016-11-01,12.6619,0.0,14.99
2016-11-02,12.6658,13.0,14.99
2016-11-03,12.903,11.1,14.99
2016-11-04,12.9241,3.3,14.99
2016-11-07,13.0539,0.0,14.99
2016-11-08,13.0617,0.0,14.99
2016-11-09,13.1135,1.9,14.99
2016-11-10,13.1074,0.0,14.99
2016-11-11,13.0912,0.0,14.99
2016-11-14,13.0203,10.6,14.99
2016-11-15,13.059,0.0,14.99
2016-11-16,12.982,18.7,14.99
2016-11-17,13.0423,35.2,14.99
2016-11-18,13.1398,0.0,14.99
2016-11-21,13.1717,4.5,14.99
2016-11-22,13.1445,0.0,14.99
2016-11-23,13.1843,0.0,14.99
2016-11-24,13.155,0.0,14.99
2016-11-25,13.238,0.0,14.99
2016-11-28,13.0712,0.0,14.99
2016-11-29,13.0407,0.0,14.99
2016-11-30,12.8615,13.4,14.99
2016-12-01,12.7288,1.0,14.47
2016-12-02,12.8548,0.0,14.47
2016-12-05,12.9373,16.9,14.47
2016-12-06,12.8737,28.3,14.47
2016-12-07,12.7402,6.0,14.47
2016-12-08,12.4766,0.0,14.47
2016-12-09,12.4335,4.4,14.47
2016-12-12,12.6576,5.8,14.47
2016-12-13,12.7008,5.5,14.47
2016-12-14,12.654,3.0,14.47
2016-12-15,12.7,0.0,14.47
2016-12-16,12.5632,2.1,14.47
2016-12-19,12.5415,0.0,14.47
2016-12-20,12.5558,0.0,14.47
2016-12-21,12.5532,23.9,14.47
2016-12-22,12.6296,0.0,14.47
2016-12-23,12.6651,0.0,14.47
2016-12-26,12.7295,0.0,14.47
2016-12-27,12.671,0.3,14.47
2016-12-28,12.756,30.7,14.47
2016-12-29,12.9059,0.0,14.47
2016-12-30,12.8204,0.0,14.47
2017-01-02,12.7432,0.0,15.15
2017-01-03,12.867,0.0,15.15
2017-01-04,12.852,5.8,15.15
2017-01-05,12.9808,0.0,15.15
2017-01-06,12.9422,37.2,15.15
2017-01-09,13.0747,0.0,15.15
2017-01-10,13.0869,1.1,15.15
2017-01-11,13.1103,3.2,15.15
2017-01-12,13.2511,0.0,15.15
2017-01-13,13.2171,0.0,15.15
2017-01-16,13.1314,0.0,15.15
2017-01-17,13.0908,16.6,15.15
2017-01-18,13.1318,3.1,15.15
2017-01-19,12.9907,0.0,15.15
2017-01-20,13.0494,5.0,15.15
2017-01-23,13.0017,36.1,15.15
2017-01-24,13.1062,0.0,15.15
2017-01-25,12.8909,6.0,15.15
2017-01-26,12.8225,0.0,15.15
2017-01-27,12.6738,39.3,15.15
2017-01-30,12.604,0.0,15.15
2017-01-31,12.6316,0.0,15.15
2017-02-01,12.6206,0.0,15.48
2017-02-02,12.6029,0.0,15.48
2017-02-03,12.594,3.2,15.48
2017-02-06,12.6178,0.0,15.48
2017-02-07,12.5323,0.0,15.48
2017-02-08,12.6021,0.0,15.48
2017-02-09,12.6672,0.0,15.48
2017-02-10,12.7067,0.0,15.48
2017-02-13,12.7613,0.0,15.48
2017-02-14,12.7919,0.0,15.48
2017-02-15,12.9787,5.4,15.48
2017-02-16,12.9727,0.0,15.48
2017-02-17,12.9469,0.0,15.48
2017-02-20,12.8813,6.9,15.48
2017-02-21,12.7913,0.0,15.48
2017-02-22,12.683,0.0,15.48
2017-02-23,12.6079,16.4,15.48
2017-02-24,12.6072,0.0,15.48
2017-02-27,12.643,0.0,15.48
2017-02-28,12.6529,0.0,15.48
2017-03-01,12.5893,4.0,15.77
2017-03-02,12.6762,0.0,15.77
2017-03-03,12.7478,6.6,15.77
2017-03-06,12.7378,0.0,15.77
2017-03-07,12.6836,9.8,15.77
2017-03-08,12.738,0.0,15.77
2017-03-09,12.7594,0.0,15.77
2017-03-10,12.6334,0.0,15.77
2017-03-13,12.633,0.0,15.77
2017-03-14,12.6622,0.0,15.77
2017-03-15,12.5866,0.0,15.77
2017-03-16,12.6098,30.7,15.77
2017-03-17,12.4848,0.0,15.77
2017-03-20,12.6123,0.0,15.77
2017-03-21,12.7306,0.0,15.77
2017-03-22,12.7127,0.0,15.77
2017-03-23,12.7504,0.0,15.77
2017-03-24,12.5381,0.0,15.77
2017-03-27,12.4408,0.0,15.77
2017-03-28,12.4222,25.9,15.77
2017-03-29,12.3337,0.0,15.77
2017-03-30,12.4069,0.0,15.77
2017-03-31,12.5948,0.0,15.77
2017-04-03,12.4952,0.0,15.22
2017-04-04,12.4272,7.1,15.22
2017-04-05,12.4564,0.0,15.22
2017-04-06,12.6092,0.0,15.22
2017-04-07,12.5054,0.0,15.22
2017-04-10,12.5352,11.9,15.22
2017-04-11,12.7061,3.2,15.22
2017-04-12,12.5628,0.0,15.22
2017-04-13,12.4544,0.0,15.22
2017-04-14,12.4241,3.6,15.22
2017-04-17,12.3855,6.4,15.22
2017-04-18,12.4673,0.0,15.22
2017-04-19,12.4969,13.3,15.22
2017-04-20,12.3447,0.0,15.22
2017-04-21,12.4002,0.0,15.22
2017-04-24,12.3568,1.7,15.22
2017-04-25,12.4806,0.0,15.22
2017-04-26,12.4319,1.2,15.22
2017-04-27,12.383,0.0,15.22
2017-04-28,12.4405,0.0,15.22
2017-05-01,12.5174,0.0,15.0
2017-05-02,12.5653,0.0,15.0
2017-05-03,12.4207,4.9,15.0
2017-05-04,12.4777,0.0,15.0
2017-05-05,12.3926,0.0,15.0
2017-05-08,12.4226,0.0,15.0
2017-05-09,12.3031,0.0,15.0
2017-05-10,12.353,2.9,15.0
2017-05-11,12.2898,0.0,15.0
2017-05-12,12.1843,0.0,15.0
2017-05-15,12.2596,0.0,15.0
2017-05-16,12.2917,0.0,15.0
2017-05-17,12.2465,0.0,15.0
2017-05-18,12.3876,0.0,15.0
2017-05-19,12.357,0.0,15.0
2017-05-22,12.3693,0.0,15.0
2017-05-23,12.4029,0.0,15.0
2017-05-24,12.3561,0.0,15.0
2017-05-25,12.408,0.0,15.0
2017-05-26,12.369,0.0,15.0
2017-05-29,12.3414,0.0,15.0
2017-05-30,12.4737,0.0,15.0
2017-05-31,12.3885,0.0,15.0
2017-06-01,12.1806,0.0,15.55
2017-06-02,12.337,0.0,15.55
2017-06-05,12.5763,0.0,15.55
2017-06-06,12.5473,0.0,15.55
2017-06-07,12.3807,0.0,15.55
2017-06-08,12.3623,0.0,15.55
2017-06-09,12.3462,0.0,15.55
2017-06-12,12.3389,0.0,15.55
2017-06-13,12.2487,0.0,15.55
2017-06-14,12.3117,0.0,15.55
2017-06-15,12.3692,0.0,15.55
2017-06-16,12.2444,0.0,15.55
2017-06-19,12.3183,0.0,15.55
2017-06-20,12.5133,0.0,15.55
2017-06-21,12.5371,0.0,15.55
2017-06-22,12.5149,0.6,15.55
2017-06-23,12.5104,0.0,15.55
2017-06-26,12.5742,0.0,15.55
2017-06-27,12.4263,0.0,15.55
2017-06-28,12.4504,0.0,15.55
2017-06-29,12.4243,0.0,15.55
2017-06-30,12.6,0.0,15.55
2017-07-03,12.592,0.0,17.06
2017-07-04,12.7498,0.0,17.06
2017-07-05,12.6566,0.0,17.06
2017-07-06,12.7166,0.0,17.06
2017-07-07,12.7519,0.0,17.06
2017-07-10,12.6799,0.0,17.06
2017-07-11,12.7028,0.0,17.06
2017-07-12,12.8187,0.0,17.06
2017-07-13,12.7952,8.7,17.06
2017-07-14,12.6488,0.0,17.06
2017-07-17,12.6545,0.0,17.06
2017-07-18,12.5806,0.0,17.06
2017-07-19,12.5579,0.0,17.06
2017-07-20,12.5589,0.0,17.06
2017-07-21,12.4137,0.0,17.06
2017-07-24,12.2781,0.0,17.06
2017-07-25,12.3327,0.0,17.06
2017-07-26,12.2963,0.0,17.06
2017-07-27,12.0765,0.0,17.06
2017-07-28,12.1604,0.9,17.06
2017-07-31,12.1974,0.0,17.06
2017-08-01,12.1452,0.0,17.54
2017-08-02,12.0393,0.0,17.54
2017-08-03,12.1283,0.0,17.54
2017-08-04,12.1726,0.0,17.54
2017-08-07,12.3994,0.0,17.54
2017-08-08,12.4474,0.0,17.54
2017-08-09,12.492,0.0,17.54
2017-08-10,12.4863,0.0,17.54
2017-08-11,12.5692,0.0,17.54
2017-08-14,12.634,0.0,17.54
2017-08-15,12.7546,0.0,17.54
2017-08-16,12.7144,0.0,17.54
2017-08-17,12.6824,0.0,17.54
2017-08-18,12.6468,0.0,17.54
2017-08-21,12.7259,0.0,17.54
2017-08-22,12.8679,0.0,17.54
2017-08-23,12.8323,0.0,17.54
2017-08-24,12.8002,0.0,17.54
2017-08-25,12.8349,0.0,17.54
2017-08-28,12.8189,0.0,17.54
2017-08-29,12.9109,0.0,17.54
2017-08-30,12.7136,0.0,17.54
2017-08-31,12.6466,0.0,17.54
2017-09-01,12.5843,1.7,17.96
2017-09-04,12.3842,0.0,17.96
2017-09-05,12.3082,0.0,17.96
2017-09-06,12.2374,0.0,17.96
2017-09-07,12.2315,0.0,17.96
2017-09-08,12.344,9.3,17.96
2017-09-11,12.3332,0.0,17.96
2017-09-12,12.2518,0.0,17.96
2017-09-13,12.2589,0.0,17.96
2017-09-14,12.3654,0.0,17.96
2017-09-15,12.2887,0.0,17.96
2017-09-18,12.2187,3.6,17.96
2017-09-19,12.2815,0.0,17.96
2017-09-20,12.2736,0.5,17.96
2017-09-21,12.344,5.0,17.96
2017-09-22,12.3542,0.0,17.96
2017-09-25,12.4287,0.0,17.96
2017-09-26,12.3461,0.0,17.96
2017-09-27,12.3565,0.0,17.96
2017-09-28,12.3489,0.0,17.96
2017-09-29,12.251,0.0,17.96
2017-10-02,12.1228,32.5,18.21
2017-10-03,12.1983,0.0,18.21
2017-10-04,12.1797,7.4,18.21
2017-10-05,12.101,0.0,18.21
2017-10-06,12.1064,11.5,18.21
2017-10-09,12.2219,3.1,18.21
2017-10-10,12.0296,0.0,18.21
2017-10-11,11.9097,0.0,18.21
2017-10-12,11.8427,9.5,18.21
2017-10-13,11.991,6.1,18.21
2017-10-16,12.0317,0.0,18.21
2017-10-17,12.1156,0.0,18.21
2017-10-18,12.0271,0.0,18.21
2017-10-19,11.9413,7.1,18.21
2017-10-20,11.9975,0.0,18.21
2017-10-23,12.0181,12.2,18.21
2017-10-24,12.0826,7.0,18.21
2017-10-25,12.0802,0.0,18.21
2017-10-26,12.1198,0.0,18.21
2017-10-27,12.1483,0.0,18.21
2017-10-30,12.2322,0.0,18.21
2017-10-31,12.3179,5.6,18.21
2017-11-01,12.1844,6.8,17.97
2017-11-02,11.9958,0.0,17.97
2017-11-03,12.1015,0.0,17.97
2017-11-06,12.2229,11.8,17.97
2017-11-07,12.1443,0.0,17.97
2017-11-08,11.991,3.3,17.97
2017-11-09,12.0156,1.6,17.97
2017-11-10,12.1148,0.0,17.97
2017-11-13,12.2911,20.9,17.97
2017-11-14,12.3503,0.0,17.97
2017-11-15,12.329,0.0,17.97
2017-11-16,12.261,14.2,17.97
2017-11-17,12.2751,7.6,17.97
2017-11-20,12.2611,2.6,17.97
2017-11-21,12.1829,0.0,17.97
2017-11-22,12.3812,0.0,17.97
2017-11-23,12.5539,1.5,17.97
2017-11-24,12.6664,4.5,17.97
2017-11-27,12.5927,0.0,17.97
2017-11-28,12.6795,4.9,17.97
2017-11-29,12.7462,0.0,17.97
2017-11-30,12.7944,0.0,17.97
2017-12-01,12.9149,6.2,18.38
2017-12-04,12.9788,8.7,18.38
2017-12-05,13.0516,13.2,18.38
2017-12-06,13.1144,18.3,18.38
2017-12-07,13.1499,20.6,18.38
2017-12-08,12.9939,0.0,18.38
2017-12-11,13.0075,22.7,18.38
2017-12-12,12.9634,0.0,18.38
2017-12-13,12.8547,0.0,18.38
2017-12-14,13.0136,2.3,18.38
2017-12-15,13.1752,12.8,18.38
2017-12-18,13.3019,12.5,18.38
2017-12-19,13.328,0.0,18.38
2017-12-20,13.4525,4.7,18.38
2017-12-21,13.4552,0.0,18.38
2017-12-22,13.4752,0.0,18.38
2017-12-25,13.3782,0.0,18.38
2017-12-26,13.4165,0.0,18.38
2017-12-27,13.424,0.0,18.38
2017-12-28,13.3088,0.0,18.38
2017-12-29,13.3075,0.0,18.38
2018-01-01,13.3036,0.0,18.05
2018-01-02,13.4687,0.0,18.05
2018-01-03,13.5509,0.0,18.05
2018-01-04,13.5528,13.3,18.05
2018-01-05,13.5761,0.0,18.05
2018-01-08,13.5808,6.4,18.05
2018-01-09,13.5632,0.0,18.05
2018-01-10,13.4666,5.0,18.05
2018-01-11,13.4549,0.0,18.05
2018-01-12,13.3897,0.0,18.05
2018-01-15,13.2798,0.0,18.05
2018-01-16,13.3296,22.1,18.05
2018-01-17,13.3681,0.0,18.05
2018-01-18,13.2103,0.0,18.05
2018-01-19,13.2038,0.0,18.05
2018-01-22,13.298,0.0,18.05
2018-01-23,13.397,0.0,18.05
2018-01-24,13.4921,0.0,18.05
2018-01-25,13.4974,7.4,18.05
2018-01-26,13.4231,0.0,18.05
2018-01-29,13.3281,9.8,18.05
2018-01-30,13.3627,0.0,18.05
2018-01-31,13.4,0.0,18.05
2018-02-01,13.5187,10.1,17.69
2018-02-02,13.6193,8.2,17.69
2018-02-05,13.6081,6.9,17.69
2018-02-06,13.4969,0.0,17.69
2018-02-07,13.4702,1.7,17.69
2018-02-08,13.4919,18.0,17.69
2018-02-09,13.4758,0.0,17.69
2018-02-12,13.426,4.8,17.69
2018-02-13,13.4515,0.0,17.69
2018-02-14,13.4086,54.9,17.69
2018-02-15,13.3551,40.1,17.69
2018-02-16,13.3866,26.0,17.69
2018-02-19,13.3536,0.0,17.69
2018-02-20,13.3792,2.0,17.69
2018-02-21,13.4071,0.0,17.69
2018-02-22,13.3076,8.3,17.69
2018-02-23,13.2684,0.3,17.69
2018-02-26,13.4023,5.2,17.69
2018-02-27,13.3009,14.1,17.69
2018-02-28,13.1146,0.0,17.69
2018-03-01,12.9531,8.1,17.3
2018-03-02,12.9635,0.0,17.3
2018-03-05,12.9739,4.9,17.3
2018-03-06,12.9709,14.2,17.3
2018-03-07,13.0878,4.6,17.3
2018-03-08,12.8537,22.1,17.3
2018-03-09,12.8982,0.0,17.3
2018-03-12,13.0471,0.0,17.3
2018-03-13,12.9526,13.4,17.3
2018-03-14,12.9263,0.0,17.3
2018-03-15,12.8667,0.0,17.3
2018-03-16,12.7951,0.0,17.3
2018-03-19,12.7753,0.0,17.3
2018-03-20,12.9135,0.0,17.3
2018-03-21,13.0873,0.0,17.3
2018-03-22,13.0637,0.0,17.3
2018-03-23,13.2421,0.0,17.3
2018-03-26,13.2505,0.0,17.3
2018-03-27,13.4134,5.9,17.3
2018-03-28,13.4086,0.0,17.3
2018-03-29,13.4239,0.0,17.3
2018-03-30,13.4603,6.4,17.3
2018-04-02,13.7495,0.0,17.7
2018-04-03,13.8263,0.0,17.7
2018-04-04,13.7622,22.9,17.7
2018-04-05,13.8495,0.0,17.7
2018-04-06,13.8162,0.0,17.7
2018-04-09,13.7718,0.0,17.7
2018-04-10,13.8537,7.4,17.7
2018-04-11,13.8558,0.0,17.7
2018-04-12,13.8802,0.0,17.7
2018-04-13,13.8806,2.2,17.7
2018-04-16,13.91,0.0,17.7
2018-04-17,13.9471,4.6,17.7
2018-04-18,13.7712,6.6,17.7
2018-04-19,13.8315,0.0,17.7
2018-04-20,13.7428,0.0,17.7
2018-04-23,13.6136,0.0,17.7
2018-04-24,13.6102,0.0,17.7
2018-04-25,13.6197,0.0,17.7
2018-04-26,13.5592,0.0,17.7
2018-04-27,13.6365,5.5,17.7
2018-04-30,13.5175,13.6,17.7
2018-05-01,13.4838,0.0,17.74
2018-05-02,13.4345,1.0,17.74
2018-05-03,13.4342,12.3,17.74
2018-05-04,13.4631,13.8,17.74
2018-05-07,13.376,0.0,17.74
2018-05-08,13.4457,0.0,17.74
2018-05-09,13.4552,0.0,17.74
2018-05-10,13.2886,0.0,17.74
2018-05-11,13.1178,0.0,17.74
2018-05-14,13.1238,3.8,17.74
2018-05-15,13.1111,0.0,17.74
2018-05-16,13.109,1.4,17.74
2018-05-17,13.1138,0.0,17.74
2018-05-18,13.1414,0.0,17.74
2018-05-21,13.2337,0.0,17.74
2018-05-22,13.1398,0.0,17.74
2018-05-23,13.0414,0.0,17.74
2018-05-24,12.9511,0.0,17.74
2018-05-25,12.9861,0.0,17.74
2018-05-28,13.1069,0.0,17.74
2018-05-29,13.0755,0.0,17.74
2018-05-30,12.8582,2.1,17.74
2018-05-31,12.7149,0.0,17.74
2018-06-01,12.6514,0.0,17.84
2018-06-04,12.6133,0.0,17.84
2018-06-05,12.5891,0.0,17.84
2018-06-06,12.6054,0.0,17.84
2018-06-07,12.59,0.0,17.84
2018-06-08,12.6973,0.0,17.84
2018-06-11,12.6482,0.0,17.84
2018-06-12,12.5829,0.0,17.84
2018-06-13,12.6389,0.0,17.84
2018-06-14,12.5132,0.0,17.84
2018-06-15,12.5619,0.0,17.84
2018-06-18,12.5844,0.0,17.84
2018-06-19,12.5842,3.3,17.84
2018-06-20,12.7402,0.0,17.84
2018-06-21,12.6957,0.0,17.84
2018-06-22,12.8931,0.0,17.84
2018-06-25,12.8828,0.0,17.84
2018-06-26,12.7781,0.0,17.84
2018-06-27,12.7956,0.0,17.84
2018-06-28,12.7098,0.0,17.84
2018-06-29,12.6541,0.0,17.84
2018-07-02,12.7023,0.0,17.89
2018-07-03,12.7644,0.0,17.89
2018-07-04,12.7199,0.0,17.89
2018-07-05,12.8207,0.0,17.89
2018-07-06,12.9358,0.0,17.89
2018-07-09,13.0749,0.0,17.89
2018-07-10,13.131,0.0,17.89
2018-07-11,13.2616,0.0,17.89
2018-07-12,13.0989,0.0,17.89
2018-07-13,13.0786,0.0,17.89
2018-07-16,13.009,0.0,17.89
2018-07-17,13.029,0.0,17.89
2018-07-18,12.9866,0.0,17.89
2018-07-19,12.9811,0.0,17.89
2018-07-20,13.16,0.0,17.89
2018-07-23,13.1525,1.2,17.89
2018-07-24,13.1976,0.0,17.89
2018-07-25,13.1842,0.0,17.89
2018-07-26,13.1986,0.0,17.89
2018-07-27,13.2066,0.0,17.89
2018-07-30,13.2544,0.0,17.89
2018-07-31,13.3662,0.0,17.89
2018-08-01,13.5204,0.0,17.56
2018-08-02,13.5526,0.0,17.56
2018-08-03,13.6097,0.0,17.56
2018-08-06,13.5096,0.0,17.56
2018-08-07,13.5062,0.0,17.56
2018-08-08,13.5954,0.0,17.56
2018-08-09,13.677,0.0,17.56
2018-08-10,13.699,0.0,17.56
2018-08-13,13.7814,7.7,17.56
2018-08-14,13.8275,0.0,17.56
2018-08-15,13.937,0.4,17.56
2018-08-16,13.9634,0.0,17.56
2018-08-17,13.9316,0.0,17.56
2018-08-20,13.9623,0.0,17.56
2018-08-21,13.6987,0.0,17.56
2018-08-22,13.736,0.0,17.56
2018-08-23,13.4102,0.0,17.56
2018-08-24,13.2608,3.0,17.56
2018-08-27,13.3088,0.0,17.56
2018-08-28,13.3586,0.0,17.56
2018-08-29,13.2603,0.0,17.56
2018-08-30,13.2036,0.0,17.56
2018-08-31,13.3349,11.0,17.56
2018-09-03,13.298,0.0,17.38
2018-09-04,13.5069,0.0,17.38
2018-09-05,13.5117,0.0,17.38
2018-09-06,13.5534,0.0,17.38
2018-09-07,13.7035,0.0,17.38
2018-09-10,13.7183,0.0,17.38
2018-09-11,13.6311,0.0,17.38
2018-09-12,13.625,3.6,17.38
2018-09-13,13.6258,0.0,17.38
2018-09-14,13.5069,5.0,17.38
2018-09-17,13.489,0.0,17.38
2018-09-18,13.4275,0.0,17.38
2018-09-19,13.5167,0.0,17.38
2018-09-20,13.5249,0.0,17.38
2018-09-21,13.5045,0.0,17.38
2018-09-24,13.5003,0.0,17.38
2018-09-25,13.5257,0.0,17.38
2018-09-26,13.5863,0.0,17.38
2018-09-27,13.5008,0.0,17.38
2018-09-28,13.4125,0.0,17.38
2018-10-01,13.5182,0.0,17.23
2018-10-02,13.4864,0.0,17.23
2018-10-03,13.3645,0.0,17.23
2018-10-04,13.4112,0.0,17.23
2018-10-05,13.4593,0.0,17.23
2018-10-08,13.3275,0.0,17.23
2018-10-09,13.3554,0.0,17.23
2018-10-10,13.4287,0.0,17.23
2018-10-11,13.4687,0.0,17.23
2018-10-12,13.5315,8.9,17.23
2018-10-15,13.4104,0.0,17.23
2018-10-16,13.4468,0.0,17.23
2018-10-17,13.4257,0.0,17.23
2018-10-18,13.3887,2.1,17.23
2018-10-19,13.4739,0.0,17.23
2018-10-22,13.613,0.0,17.23
2018-10-23,13.7792,0.0,17.23
2018-10-24,13.9005,16.9,17.23
2018-10-25,13.8924,0.0,17.23
2018-10-26,13.926,0.0,17.23
2018-10-29,13.9966,0.0,17.23
2018-10-30,14.0084,0.0,17.23
2018-10-31,14.021,1.2,17.23
2018-11-01,14.0958,0.0,16.8
2018-11-02,14.0905,16.3,16.8
2018-11-05,14.0249,2.7,16.8
2018-11-06,13.9883,0.0,16.8
2018-11-07,14.0465,0.0,16.8
2018-11-08,14.0473,7.9,16.8
2018-11-09,14.0785,26.4,16.8
2018-11-12,14.139,24.6,16.8
2018-11-13,14.105,1.6,16.8
2018-11-14,14.1731,0.0,16.8
2018-11-15,14.2066,1.9,16.8
2018-11-16,14.0945,0.0,16.8
2018-11-19,14.2245,4.3,16.8
2018-11-20,14.1784,12.5,16.8
2018-11-21,14.0288,0.0,16.8
2018-11-22,13.9357,11.3,16.8
2018-11-23,13.8457,5.7,16.8
2018-11-26,13.8532,0.0,16.8
2018-11-27,13.8313,0.0,16.8
2018-11-28,13.804,0.0,16.8
2018-11-29,13.863,7.4,16.8
2018-11-30,13.8963,0.0,16.8
2018-12-03,13.9272,0.0,16.68
2018-12-04,13.9662,0.0,16.68
2018-12-05,14.0234,12.5,16.68
2018-12-06,13.8349,7.5,16.68
2018-12-07,13.8052,0.9,16.68
2018-12-10,13.6124,7.4,16.68
2018-12-11,13.621,0.0,16.68
2018-12-12,13.6259,21.0,16.68
2018-12-13,13.7252,1.8,16.68
2018-12-14,13.8364,1.9,16.68
2018-12-17,13.8579,11.5,16.68
2018-12-18,13.8159,6.6,16.68
2018-12-19,13.863,6.3,16.68
2018-12-20,13.8185,14.7,16.68
2018-12-21,13.8218,0.0,16.68
2018-12-24,13.9141,0.7,16.68
2018-12-25,13.8664,0.0,16.68
2018-12-26,13.942,1.6,16.68
2018-12-27,14.0053,2.6,16.68
2018-12-28,13.921,2.7,16.68
2018-12-31,14.0113,20.5,16.68
2019-01-01,14.0758,1.1,16.36
2019-01-02,14.0861,18.8,16.36
2019-01-03,14.0185,0.0,16.36
2019-01-04,13.9428,12.3,16.36
2019-01-07,13.8969,2.5,16.36
2019-01-08,13.9487,0.0,16.36
2019-01-09,13.8651,2.1,16.36
2019-01-10,13.9078,28.6,16.36
2019-01-11,13.7989,21.2,16.36
2019-01-14,13.7845,32.8,16.36
2019-01-15,13.7986,8.4,16.36
2019-01-16,14.0227,0.0,16.36
2019-01-17,13.9006,0.0,16.36
2019-01-18,14.0361,0.0,16.36
2019-01-21,14.0513,14.6,16.36
2019-01-22,14.0899,1.6,16.36
2019-01-23,14.1018,25.8,16.36
2019-01-24,14.143,6.6,16.36
2019-01-25,14.1299,3.3,16.36
2019-01-28,14.2617,21.0,16.36
2019-01-29,14.2202,12.5,16.36
2019-01-30,14.3222,14.9,16.36
2019-01-31,14.2632,25.3,16.36
2019-02-01,14.2574,0.0,16.62
2019-02-04,14.1607,3.3,16.62
2019-02-05,14.2024,0.0,16.62
2019-02-06,14.3328,21.2,16.62
2019-02-07,14.3248,0.0,16.62
2019-02-08,14.3063,5.4,16.62
2019-02-11,14.2053,7.8,16.62
2019-02-12,14.185,3.0,16.62
2019-02-13,14.0423,7.6,16.62
2019-02-14,13.9622,0.0,16.62
2019-02-15,13.9855,4.1,16.62
2019-02-18,14.1068,15.8,16.62
2019-02-19,14.3611,0.0,16.62
2019-02-20,14.3073,16.3,16.62
2019-02-21,14.436,0.0,16.62
2019-02-22,14.4561,0.0,16.62
2019-02-25,14.4406,1.0,16.62
2019-02-26,14.4778,14.1,16.62
2019-02-27,14.4812,4.4,16.62
2019-02-28,14.489,0.0,16.62
2019-03-01,14.4501,3.0,16.91
2019-03-04,14.3225,15.9,16.91
2019-03-05,14.1831,38.7,16.91
2019-03-06,14.2428,0.0,16.91
2019-03-07,14.2183,0.0,16.91
2019-03-08,14.1652,0.0,16.91
2019-03-11,14.1672,0.0,16.91
2019-03-12,14.2399,0.0,16.91
2019-03-13,14.2566,0.0,16.91
2019-03-14,14.1979,0.0,16.91
2019-03-15,14.3092,0.0,16.91
2019-03-18,14.4512,41.2,16.91
2019-03-19,14.4941,0.0,16.91
2019-03-20,14.5798,0.0,16.91
2019-03-21,14.6887,0.5,16.91
2019-03-22,14.7866,2.5,16.91
2019-03-25,14.837,0.5,16.91
2019-03-26,14.8856,0.0,16.91
2019-03-27,14.9266,2.6,16.91
2019-03-28,14.8216,0.0,16.91
2019-03-29,14.8796,0.0,16.91
2019-04-01,14.7519,0.0,16.52
2019-04-02,14.6761,7.6,16.52
2019-04-03,14.7898,0.0,16.52
2019-04-04,14.8607,0.0,16.52
2019-04-05,14.9892,18.7,16.52
2019-04-08,14.9581,23.6,16.52
2019-04-09,14.8481,8.1,16.52
2019-04-10,14.8213,0.0,16.52
2019-04-11,14.8256,0.0,16.52
2019-04-12,14.8277,0.0,16.52
2019-04-15,14.9248,0.0,16.52
2019-04-16,14.8865,0.0,16.52
2019-04-17,14.9127,0.0,16.52
2019-04-18,14.818,0.0,16.52
2019-04-19,14.8538,0.0,16.52
2019-04-22,14.849,0.0,16.52
2019-04-23,14.7765,0.0,16.52
2019-04-24,14.751,0.0,16.52
2019-04-25,14.7304,0.0,16.52
2019-04-26,14.7023,0.0,16.52
2019-04-29,14.8583,0.0,16.52
2019-04-30,14.8444,1.6,16.52
2019-05-01,14.8176,0.0,16.48
2019-05-02,14.6243,4.3,16.48
2019-05-03,14.5412,0.0,16.48
2019-05-06,14.5158,0.0,16.48
2019-05-07,14.4526,0.0,16.48
2019-05-08,14.5761,0.0,16.48
2019-05-09,14.5593,22.3,16.48
2019-05-10,14.6734,0.0,16.48
2019-05-13,14.676,0.0,16.48
2019-05-14,14.6764,0.0,16.48
2019-05-15,14.6654,2.4,16.48
2019-05-16,14.6629,0.1,16.48
2019-05-17,14.8149,0.0,16.48
2019-05-20,14.6018,0.0,16.48
2019-05-21,14.4196,0.0,16.48
2019-05-22,14.3704,0.7,16.48
2019-05-23,14.3719,0.0,16.48
2019-05-24,14.4343,0.0,16.48
2019-05-27,14.4765,0.0,16.48
2019-05-28,14.4411,0.0,16.48
2019-05-29,14.5325,0.0,16.48
2019-05-30,14.6239,0.0,16.48
2019-05-31,14.6383,0.0,16.48
2019-06-03,14.7226,0.0,17.19
2019-06-04,14.744,0.0,17.19
2019-06-05,14.6902,3.9,17.19
2019-06-06,14.7502,0.0,17.19
2019-06-07,14.7569,12.4,17.19
2019-06-10,14.7536,0.0,17.19
2019-06-11,14.8828,0.0,17.19
2019-06-12,14.6577,0.0,17.19
2019-06-13,14.5277,0.0,17.19
2019-06-14,14.4199,0.0,17.19
2019-06-17,14.3873,0.0,17.19
2019-06-18,14.3648,0.0,17.19
2019-06-19,14.2299,0.0,17.19
2019-06-20,14.1433,0.0,17.19
2019-06-21,14.0687,0.0,17.19
2019-06-24,14.2936,0.0,17.19
2019-06-25,14.4572,0.0,17.19
2019-06-26,14.42,0.0,17.19
2019-06-27,14.3876,0.0,17.19
2019-06-28,14.2848,0.0,17.19
2019-07-01,14.1147,0.0,16.9
2019-07-02,14.1075,0.0,16.9
2019-07-03,14.0212,0.0,16.9
2019-07-04,14.0179,0.0,16.9
2019-07-05,13.8783,0.0,16.9
2019-07-08,13.8156,0.0,16.9
2019-07-09,13.8354,0.0,16.9
2019-07-10,13.8747,0.0,16.9
2019-07-11,13.9181,0.0,16.9
2019-07-12,13.8048,0.0,16.9
2019-07-15,13.8884,0.0,16.9
2019-07-16,13.8222,0.0,16.9
2019-07-17,13.8857,0.0,16.9
2019-07-18,13.8907,0.0,16.9
2019-07-19,13.7727,0.0,16.9
2019-07-22,13.7513,0.0,16.9
2019-07-23,13.7915,0.0,16.9
2019-07-24,13.8536,0.0,16.9
2019-07-25,13.8473,0.0,16.9
2019-07-26,13.9916,0.0,16.9
2019-07-29,14.0872,0.0,16.9
2019-07-30,14.0682,0.0,16.9
2019-07-31,14.14,0.0,16.9
2019-08-01,14.3176,0.0,17.11
2019-08-02,14.4959,0.0,17.11
2019-08-05,14.3854,0.0,17.11
2019-08-06,14.3033,0.0,17.11
2019-08-07,14.4389,0.0,17.11
2019-08-08,14.3444,0.0,17.11
2019-08-09,14.227,0.8,17.11
2019-08-12,14.1861,0.0,17.11
2019-08-13,14.2272,0.0,17.11
2019-08-14,14.2209,0.0,17.11
2019-08-15,14.1653,0.0,17.11
2019-08-16,14.1082,0.0,17.11
2019-08-19,14.0483,0.0,17.11
2019-08-20,13.9739,2.2,17.11
2019-08-21,14.1848,0.0,17.11
2019-08-22,14.215,0.0,17.11
2019-08-23,14.298,0.0,17.11
2019-08-26,14.2563,0.8,17.11
2019-08-27,14.2424,0.0,17.11
2019-08-28,14.1811,0.0,17.11
2019-08-29,13.946,0.0,17.11
2019-08-30,13.828,0.0,17.11
2019-09-02,13.6722,0.0,17.21
2019-09-03,13.4784,0.0,17.21
2019-09-04,13.3816,0.0,17.21
2019-09-05,13.5125,0.0,17.21
2019-09-06,13.5189,5.7,17.21
2019-09-09,13.6454,0.0,17.21
2019-09-10,13.6915,3.0,17.21
2019-09-11,13.7706,0.0,17.21
2019-09-12,13.6974,0.0,17.21
2019-09-13,13.7532,0.0,17.21
2019-09-16,13.827,0.0,17.21
2019-09-17,13.7825,0.0,17.21
2019-09-18,13.8407,0.0,17.21
2019-09-19,13.8989,0.0,17.21
2019-09-20,13.8562,0.0,17.21
2019-09-23,13.7624,5.1,17.21
2019-09-24,13.664,0.0,17.21
2019-09-25,13.6809,0.0,17.21
2019-09-26,13.7193,0.0,17.21
2019-09-27,13.6567,0.0,17.21
2019-09-30,13.6683,0.0,17.21
2019-10-01,13.7289,0.0,17.65
2019-10-02,13.7931,0.0,17.65
2019-10-03,13.9408,0.0,17.65
2019-10-04,14.0623,0.0,17.65
2019-10-07,13.9775,0.0,17.65
2019-10-08,14.1352,0.0,17.65
2019-10-09,14.0921,0.0,17.65
2019-10-10,14.1912,0.0,17.65
2019-10-11,14.2015,0.0,17.65
2019-10-14,14.1685,9.4,17.65
2019-10-15,14.0102,0.0,17.65
2019-10-16,14.0007,0.0,17.65
2019-10-17,13.8665,0.0,17.65
2019-10-18,13.9611,0.0,17.65
2019-10-21,14.1041,3.5,17.65
2019-10-22,14.0376,8.7,17.65
2019-10-23,14.0706,1.1,17.65
2019-10-24,14.0108,0.0,17.65
2019-10-25,13.9604,7.0,17.65
2019-10-28,14.0368,0.0,17.65
2019-10-29,14.0393,0.0,17.65
2019-10-30,14.2018,0.0,17.65
2019-10-31,14.1627,2.7,17.65
2019-11-01,14.2574,0.0,17.82
2019-11-04,14.2699,5.1,17.82
2019-11-05,14.3453,0.0,17.82
2019-11-06,14.308,8.0,17.82
2019-11-07,14.3069,0.6,17.82
2019-11-08,14.2999,6.3,17.82
2019-11-11,14.2281,0.0,17.82
2019-11-12,14.292,22.1,17.82
2019-11-13,14.3541,0.0,17.82
2019-11-14,14.4105,0.0,17.82
2019-11-15,14.5513,0.0,17.82
2019-11-18,14.6828,1.9,17.82
2019-11-19,14.6489,14.1,17.82
2019-11-20,14.6826,0.0,17.82
2019-11-21,14.6263,4.7,17.82
2019-11-22,14.6288,0.0,17.82
2019-11-25,14.5752,1.9,17.82
2019-11-26,14.722,3.4,17.82
2019-11-27,14.7543,6.0,17.82
2019-11-28,14.7339,0.0,17.82
2019-11-29,14.8407,13.6,17.82
2019-12-02,14.6438,0.0,17.73
2019-12-03,14.4629,4.2,17.73
2019-12-04,14.5367,0.0,17.73
2019-12-05,14.5437,0.0,17.73
2019-12-06,14.5677,0.9,17.73
2019-12-09,14.4495,4.3,17.73
2019-12-10,14.4498,1.2,17.73
2019-12-11,14.6326,18.8,17.73
2019-12-12,14.7074,3.8,17.73
2019-12-13,14.7226,0.0,17.73
2019-12-16,14.6829,0.0,17.73
2019-12-17,14.6476,4.1,17.73
2019-12-18,14.4565,0.0,17.73
2019-12-19,14.4822,10.4,17.73
2019-12-20,14.5606,0.0,17.73
2019-12-23,14.4203,48.5,17.73
2019-12-24,14.3637,0.0,17.73
2019-12-25,14.263,0.0,17.73
2019-12-26,14.1807,7.5,17.73
2019-12-27,14.1909,30.3,17.73
2019-12-30,14.0086,8.1,17.73
2019-12-31,14.0711,0.0,17.73
2020-01-01,14.1455,0.0,17.81
2020-01-02,14.1287,0.0,17.81
2020-01-03,13.9114,0.0,17.81
2020-01-06,13.83,0.0,17.81
2020-01-07,13.95,1.4,17.81
2020-01-08,13.7078,0.0,17.81
2020-01-09,13.6869,0.0,17.81
2020-01-10,13.5912,9.4,17.81
2020-01-13,13.6751,0.0,17.81
2020-01-14,13.6251,4.6,17.81
2020-01-15,13.6726,8.4,17.81
2020-01-16,13.7343,0.0,17.81
2020-01-17,13.9097,2.3,17.81
2020-01-20,13.8999,4.9,17.81
2020-01-21,13.9423,28.4,17.81
2020-01-22,13.8168,0.0,17.81
2020-01-23,13.9334,0.0,17.81
2020-01-24,13.8732,40.7,17.81
2020-01-27,13.8316,7.6,17.81
2020-01-28,13.839,3.1,17.81
2020-01-29,13.7076,0.0,17.81
2020-01-30,13.7388,31.9,17.81
2020-01-31,13.8362,0.0,17.81
2020-02-03,13.872,0.0,17.9
2020-02-04,13.738,1.7,17.9
2020-02-05,13.7373,0.0,17.9
2020-02-06,13.8145,0.0,17.9
2020-02-07,13.6552,17.2,17.9
2020-02-10,13.5697,23.2,17.9
2020-02-11,13.6608,0.0,17.9
2020-02-12,13.6964,0.0,17.9
2020-02-13,13.7444,0.0,17.9
2020-02-14,13.9222,0.0,17.9
2020-02-17,13.9731,16.9,17.9
2020-02-18,14.0406,0.0,17.9
2020-02-19,14.2921,0.0,17.9
2020-02-20,14.278,18.9,17.9
2020-02-21,14.2114,20.2,17.9
2020-02-24,14.2559,10.5,17.9
2020-02-25,14.3009,0.0,17.9
2020-02-26,14.2586,7.3,17.9
2020-02-27,14.1712,0.0,17.9
2020-02-28,14.3855,32.4,17.9
2020-03-02,14.4192,8.2,17.93
2020-03-03,14.3573,0.0,17.93
2020-03-04,14.4444,10.2,17.93
2020-03-05,14.4383,0.0,17.93
2020-03-06,14.4194,18.2,17.93
2020-03-09,14.4741,0.0,17.93
2020-03-10,14.3614,25.6,17.93
2020-03-11,14.3978,0.0,17.93
2020-03-12,14.5743,0.0,17.93
2020-03-13,14.6189,1.0,17.93
2020-03-16,14.5872,18.4,17.93
2020-03-17,14.5441,1.7,17.93
2020-03-18,14.5101,0.0,17.93
2020-03-19,14.4906,0.0,17.93
2020-03-20,14.4602,1.5,17.93
2020-03-23,14.5465,0.0,17.93
2020-03-24,14.3935,0.0,17.93
2020-03-25,14.4757,0.0,17.93
2020-03-26,14.4453,0.0,17.93
2020-03-27,14.4833,0.0,17.93
2020-03-30,14.3856,0.0,17.93
2020-03-31,14.51,0.0,17.93
2020-04-01,14.6256,7.7,17.52
2020-04-02,14.7143,7.6,17.52
2020-04-03,14.5795,1.0,17.52
2020-04-06,14.657,0.0,17.52
2020-04-07,14.6956,0.0,17.52
2020-04-08,14.5529,0.0,17.52
2020-04-09,14.5539,0.0,17.52
2020-04-10,14.59,0.0,17.52
2020-04-13,14.6429,0.0,17.52
2020-04-14,14.6612,8.7,17.52
2020-04-15,14.6897,0.0,17.52
2020-04-16,14.8242,13.4,17.52
2020-04-17,14.9352,0.0,17.52
2020-04-20,14.6767,0.0,17.52
2020-04-21,14.6503,0.0,17.52
2020-04-22,14.6379,0.0,17.52
2020-04-23,14.4828,0.0,17.52
2020-04-24,14.4954,0.0,17.52
2020-04-27,14.6119,0.0,17.52
2020-04-28,14.517,0.0,17.52
2020-04-29,14.5511,11.2,17.52
2020-04-30,14.4722,5.2,17.52
2020-05-01,14.4161,0.0,18.02
2020-05-04,14.554,4.5,18.02
2020-05-05,14.5088,0.0,18.02
2020-05-06,14.5544,0.0,18.02
2020-05-07,14.3896,0.0,18.02
2020-05-08,14.5625,8.0,18.02
2020-05-11,14.6204,0.0,18.02
2020-05-12,14.6069,4.6,18.02
2020-05-13,14.6619,0.0,18.02
2020-05-14,14.5377,0.0,18.02
2020-05-15,14.648,8.9,18.02
2020-05-18,14.6217,2.9,18.02
2020-05-19,14.6065,13.7,18.02
2020-05-20,14.5655,0.0,18.02
2020-05-21,14.5169,0.0,18.02
2020-05-22,14.5837,4.5,18.02
2020-05-25,14.6103,2.5,18.02
2020-05-26,14.6723,0.0,18.02
2020-05-27,14.6742,0.0,18.02
2020-05-28,14.7232,0.0,18.02
2020-05-29,14.6877,0.0,18.02
2020-06-01,14.891,0.0,18.45
2020-06-02,14.7506,0.0,18.45
2020-06-03,14.8661,0.0,18.45
2020-06-04,14.9901,0.0,18.45
2020-06-05,14.9131,0.0,18.45
2020-06-08,15.1143,0.1,18.45
2020-06-09,15.2024,0.0,18.45
2020-06-10,15.2874,11.9,18.45
2020-06-11,15.2867,0.0,18.45
2020-06-12,15.264,0.0,18.45
2020-06-15,15.2423,0.0,18.45
2020-06-16,15.2747,0.0,18.45
2020-06-17,15.3979,0.0,18.45
2020-06-18,15.41,0.0,18.45
2020-06-19,15.3237,0.0,18.45
2020-06-22,15.3945,0.0,18.45
2020-06-23,15.4733,0.0,18.45
2020-06-24,15.5274,0.0,18.45
2020-06-25,15.5891,0.0,18.45
2020-06-26,15.5587,0.0,18.45
2020-06-29,15.4695,0.0,18.45
2020-06-30,15.3866,0.0,18.45
2020-07-01,15.2355,0.0,18.15
2020-07-02,15.2545,0.0,18.15
2020-07-03,15.2444,0.0,18.15
2020-07-06,15.2024,0.0,18.15
2020-07-07,14.9345,0.0,18.15
2020-07-08,14.823,0.0,18.15
2020-07-09,14.9257,0.0,18.15
2020-07-10,14.8668,0.0,18.15
2020-07-13,14.9007,0.0,18.15
2020-07-14,14.7767,0.0,18.15
2020-07-15,14.9086,0.0,18.15
2020-07-16,14.8968,1.1,18.15
2020-07-17,14.9241,0.0,18.15
2020-07-20,15.1344,0.0,18.15
2020-07-21,15.2699,0.0,18.15
2020-07-22,15.2399,0.0,18.15
2020-07-23,15.1844,0.0,18.15
2020-07-24,15.1536,0.0,18.15
2020-07-27,15.1983,0.0,18.15
2020-07-28,15.1872,0.0,18.15
2020-07-29,15.1502,0.0,18.15
2020-07-30,15.2811,0.0,18.15
2020-07-31,15.2685,0.0,18.15
2020-08-03,15.4732,0.0,18.1
2020-08-04,15.4771,0.0,18.1
2020-08-05,15.6335,0.0,18.1
2020-08-06,15.6599,0.0,18.1
2020-08-07,15.7405,0.0,18.1
2020-08-10,15.6684,0.0,18.1
2020-08-11,15.5855,0.0,18.1
2020-08-12,15.6216,0.0,18.1
2020-08-13,15.705,0.0,18.1
2020-08-14,15.7022,0.0,18.1
2020-08-17,15.5801,0.0,18.1
2020-08-18,15.4526,0.4,18.1
2020-08-19,15.3203,0.0,18.1
2020-08-20,15.1587,0.0,18.1
2020-08-21,15.1678,0.0,18.1
2020-08-24,15.2681,0.0,18.1
2020-08-25,15.265,0.0,18.1
2020-08-26,15.0598,0.0,18.1
2020-08-27,15.0428,0.0,18.1
2020-08-28,15.0286,0.0,18.1
2020-08-31,15.2178,9.5,18.1
2020-09-01,15.0854,0.0,18.08
2020-09-02,15.0503,0.4,18.08
2020-09-03,15.2043,0.0,18.08
2020-09-04,15.2437,0.0,18.08
2020-09-07,15.2929,0.0,18.08
2020-09-08,15.3013,2.1,18.08
2020-09-09,15.329,0.5,18.08
2020-09-10,15.3968,0.0,18.08
2020-09-11,15.321,0.0,18.08
2020-09-14,15.3979,1.9,18.08
2020-09-15,15.2715,0.0,18.08
2020-09-16,15.2994,0.0,18.08
2020-09-17,15.3137,0.0,18.08
2020-09-18,15.2563,0.0,18.08
2020-09-21,15.2528,13.5,18.08
2020-09-22,15.1955,5.9,18.08
2020-09-23,15.0983,0.0,18.08
2020-09-24,15.0668,10.6,18.08
2020-09-25,14.968,0.0,18.08
2020-09-28,14.9987,0.0,18.08
2020-09-29,14.8965,0.0,18.08
2020-09-30,14.963,0.0,18.08
2020-10-01,14.8584,0.0,17.74
2020-10-02,14.8102,0.0,17.74
2020-10-05,14.7573,0.0,17.74
2020-10-06,14.8804,0.1,17.74
2020-10-07,14.9127,0.0,17.74
2020-10-08,14.896,0.0,17.74
2020-10-09,14.9434,2.9,17.74
2020-10-12,14.7559,0.0,17.74
2020-10-13,14.7559,0.0,17.74
2020-10-14,14.9397,0.0,17.74
2020-10-15,14.9538,2.4,17.74
2020-10-16,14.962,0.0,17.74
2020-10-19,15.0133,0.0,17.74
2020-10-20,15.0954,0.0,17.74
2020-10-21,14.9163,0.0,17.74
2020-10-22,14.7674,0.6,17.74
2020-10-23,14.7903,0.0,17.74
2020-10-26,14.7298,0.0,17.74
2020-10-27,14.8523,0.0,17.74
2020-10-28,14.8272,0.0,17.74
2020-10-29,14.6566,0.0,17.74
2020-10-30,14.5477,4.2,17.74
2020-11-02,14.3066,23.6,17.14
2020-11-03,14.2943,0.0,17.14
2020-11-04,14.2862,21.7,17.14
2020-11-05,14.2571,0.0,17.14
2020-11-06,14.3635,0.0,17.14
2020-11-09,14.4797,0.0,17.14
2020-11-10,14.4715,4.5,17.14
2020-11-11,14.2866,0.0,17.14
2020-11-12,14.3513,5.1,17.14
2020-11-13,14.4097,11.2,17.14
2020-11-16,14.4455,33.1,17.14
2020-11-17,14.5414,0.0,17.14
2020-11-18,14.4433,0.0,17.14
2020-11-19,14.6317,1.2,17.14
2020-11-20,14.5512,0.0,17.14
2020-11-23,14.6252,11.2,17.14
2020-11-24,14.4793,0.0,17.14
2020-11-25,14.4029,1.6,17.14
2020-11-26,14.5475,0.0,17.14
2020-11-27,14.5308,0.0,17.14
2020-11-30,14.6133,0.0,17.14
2020-12-01,14.6408,26.5,16.97
2020-12-02,14.6372,0.0,16.97
2020-12-03,14.7659,0.0,16.97
2020-12-04,14.7492,13.0,16.97
2020-12-07,14.5938,0.0,16.97
2020-12-08,14.528,0.0,16.97
2020-12-09,14.5847,21.5,16.97
2020-12-10,14.6268,0.0,16.97
2020-12-11,14.4919,28.4,16.97
2020-12-14,14.4343,0.0,16.97
2020-12-15,14.39,4.3,16.97
2020-12-16,14.3657,1.0,16.97
2020-12-17,14.2508,0.0,16.97
2020-12-18,14.2042,0.0,16.97
2020-12-21,14.1492,0.0,16.97
2020-12-22,14.2297,0.0,16.97
2020-12-23,14.3128,8.1,16.97
2020-12-24,14.3092,19.1,16.97
2020-12-25,14.2834,4.5,16.97
2020-12-28,14.3058,29.6,16.97
2020-12-29,14.242,14.4,16.97
2020-12-30,14.149,0.0,16.97
2020-12-31,14.0756,0.0,16.97
2021-01-01,14.0305,3.1,16.9
2021-01-04,13.9382,7.8,16.9
2021-01-05,13.9662,0.0,16.9
2021-01-06,14.045,37.5,16.9
2021-01-07,13.9146,4.4,16.9
2021-01-08,13.9305,4.2,16.9
2021-01-11,13.9243,16.9,16.9
2021-01-12,13.9687,16.8,16.9
2021-01-13,13.9807,0.0,16.9
2021-01-14,13.863,26.7,16.9
2021-01-15,13.7637,0.0,16.9
2021-01-18,13.7817,0.8,16.9
2021-01-19,13.8894,0.0,16.9
2021-01-20,13.7043,10.3,16.9
2021-01-21,13.7514,0.8,16.9
2021-01-22,13.874,14.1,16.9
2021-01-25,13.8746,7.1,16.9
2021-01-26,13.9384,14.3,16.9
2021-01-27,13.8889,0.0,16.9
2021-01-28,13.8924,15.3,16.9
2021-01-29,13.7607,11.5,16.9
2021-02-01,13.5653,16.2,16.46
2021-02-02,13.6677,0.0,16.46
2021-02-03,13.5956,0.0,16.46
2021-02-04,13.5719,0.0,16.46
2021-02-05,13.4647,0.0,16.46
2021-02-08,13.3564,0.0,16.46
2021-02-09,13.3605,0.0,16.46
2021-02-10,13.3145,1.6,16.46
2021-02-11,13.3688,0.0,16.46
2021-02-12,13.4292,0.0,16.46
2021-02-15,13.4771,34.8,16.46
2021-02-16,13.5172,0.0,16.46
2021-02-17,13.6775,22.6,16.46
2021-02-18,13.5981,0.0,16.46
2021-02-19,13.6106,17.8,16.46
2021-02-22,13.73,0.0,16.46
2021-02-23,13.86,0.0,16.46
2021-02-24,13.747,6.4,16.46
2021-02-25,13.7349,6.2,16.46
2021-02-26,13.8734,7.1,16.46
2021-03-01,13.934,35.9,16.58
2021-03-02,13.9658,0.0,16.58
2021-03-03,13.9602,0.0,16.58
2021-03-04,13.9397,10.4,16.58
2021-03-05,13.98,6.9,16.58
2021-03-08,13.9711,0.0,16.58
2021-03-09,13.9813,7.8,16.58
2021-03-10,14.0023,0.0,16.58
2021-03-11,13.955,11.4,16.58
2021-03-12,14.0172,0.1,16.58
2021-03-15,14.2931,0.0,16.58
2021-03-16,14.144,3.1,16.58
2021-03-17,14.1856,0.0,16.58
2021-03-18,14.1292,14.0,16.58
2021-03-19,14.1938,0.0,16.58
2021-03-22,14.2099,0.0,16.58
2021-03-23,14.2903,0.0,16.58
2021-03-24,14.4072,23.1,16.58
2021-03-25,14.4344,0.0,16.58
2021-03-26,14.5459,0.0,16.58
2021-03-29,14.3435,10.3,16.58
2021-03-30,14.4972,23.9,16.58
2021-03-31,14.5401,0.0,16.58
2021-04-01,14.6457,22.4,17.05
2021-04-02,14.5436,0.0,17.05
2021-04-05,14.4775,0.0,17.05
2021-04-06,14.5,9.1,17.05
2021-04-07,14.5076,0.0,17.05
2021-04-08,14.5422,0.0,17.05
2021-04-09,14.6486,9.8,17.05
2021-04-12,14.4975,0.0,17.05
2021-04-13,14.5944,5.9,17.05
2021-04-14,14.6035,0.0,17.05
2021-04-15,14.5934,0.0,17.05
2021-04-16,14.4693,0.6,17.05
2021-04-19,14.5242,0.0,17.05
2021-04-20,14.3161,9.1,17.05
2021-04-21,14.3856,0.0,17.05
2021-04-22,14.2619,5.7,17.05
2021-04-23,14.2785,0.0,17.05
2021-04-26,14.2794,0.0,17.05
2021-04-27,14.3963,0.0,17.05
2021-04-28,14.3908,0.0,17.05
2021-04-29,14.3389,0.0,17.05
2021-04-30,14.3044,0.0,17.05
2021-05-03,14.4305,0.0,17.4
2021-05-04,14.489,0.0,17.4
2021-05-05,14.464,0.0,17.4
2021-05-06,14.4526,0.0,17.4
2021-05-07,14.3217,0.0,17.4
2021-05-10,14.3681,0.0,17.4
2021-05-11,14.2207,0.0,17.4
2021-05-12,14.3008,6.8,17.4
2021-05-13,14.3241,0.0,17.4
2021-05-14,14.5504,0.0,17.4
2021-05-17,14.4606,0.0,17.4
2021-05-18,14.4615,1.5,17.4
2021-05-19,14.6336,0.0,17.4
2021-05-20,14.7493,0.0,17.4
2021-05-21,14.6939,0.0,17.4
2021-05-24,14.722,0.0,17.4
2021-05-25,14.7298,0.0,17.4
2021-05-26,14.7628,0.0,17.4
2021-05-27,14.7072,0.0,17.4
2021-05-28,14.707,0.0,17.4
2021-05-31,14.5711,0.0,17.4
2021-06-01,14.5925,0.0,17.42
2021-06-02,14.6421,1.3,17.42
2021-06-03,14.6302,0.0,17.42
2021-06-04,14.4936,0.0,17.42
2021-06-07,14.5927,0.0,17.42
2021-06-08,14.6347,0.0,17.42
2021-06-09,14.5781,0.0,17.42
2021-06-10,14.5622,0.0,17.42
2021-06-11,14.4366,0.0,17.42
2021-06-14,14.3551,0.0,17.42
2021-06-15,14.3184,0.0,17.42
2021-06-16,14.4409,0.0,17.42
2021-06-17,14.3942,0.0,17.42
2021-06-18,14.4631,0.0,17.42
2021-06-21,14.4253,0.0,17.42
2021-06-22,14.4587,0.0,17.42
2021-06-23,14.4567,0.0,17.42
2021-06-24,14.546,0.0,17.42
2021-06-25,14.5078,0.0,17.42
2021-06-28,14.3765,0.0,17.42
2021-06-29,14.2638,0.0,17.42
2021-06-30,14.2287,0.0,17.42
2021-07-01,14.1294,0.0,16.84
2021-07-02,14.1805,0.0,16.84
2021-07-05,14.1523,0.0,16.84
2021-07-06,14.3799,0.0,16.84
2021-07-07,14.2353,0.0,16.84
2021-07-08,14.2668,0.0,16.84
2021-07-09,14.1782,3.0,16.84
2021-07-12,14.1476,0.0,16.84
2021-07-13,14.1744,0.0,16.84
2021-07-14,13.979,0.0,16.84
2021-07-15,14.0162,0.0,16.84
2021-07-16,14.2029,0.0,16.84
2021-07-19,14.1758,5.7,16.84
2021-07-20,14.2131,0.0,16.84
2021-07-21,14.319,1.3,16.84
2021-07-22,14.3168,0.0,16.84
2021-07-23,14.2771,0.0,16.84
2021-07-26,14.0853,0.0,16.84
2021-07-27,14.1579,0.0,16.84
2021-07-28,14.162,0.0,16.84
2021-07-29,14.0851,0.0,16.84
2021-07-30,14.1115,0.0,16.84
2021-08-02,14.0738,0.0,17.15
2021-08-03,14.0414,0.0,17.15
2021-08-04,14.1115,0.0,17.15
2021-08-05,14.0059,0.0,17.15
2021-08-06,14.116,0.0,17.15
2021-08-09,14.0051,0.0,17.15
2021-08-10,13.9614,0.0,17.15
2021-08-11,14.1509,0.0,17.15
2021-08-12,14.2669,0.0,17.15
2021-08-13,14.2891,0.0,17.15
2021-08-16,14.2177,0.0,17.15
2021-08-17,14.184,0.0,17.15
2021-08-18,14.2049,8.5,17.15
2021-08-19,14.2224,0.0,17.15
2021-08-20,14.2282,0.0,17.15
2021-08-23,14.2393,0.0,17.15
2021-08-24,14.2339,0.0,17.15
2021-08-25,14.118,0.0,17.15
2021-08-26,14.0866,0.0,17.15
2021-08-27,14.1844,0.0,17.15
2021-08-30,14.0757,0.0,17.15
2021-08-31,14.0742,3.8,17.15
2021-09-01,14.016,0.0,17.26
2021-09-02,14.0423,0.0,17.26
2021-09-03,14.0233,4.1,17.26
2021-09-06,14.1724,6.4,17.26
2021-09-07,14.2327,7.5,17.26
2021-09-08,14.1288,2.0,17.26
2021-09-09,14.2044,0.0,17.26
2021-09-10,14.1491,0.0,17.26
2021-09-13,14.1122,1.9,17.26
2021-09-14,14.1559,0.0,17.26
2021-09-15,14.1267,0.0,17.26
2021-09-16,14.2223,0.0,17.26
2021-09-17,14.167,0.0,17.26
2021-09-20,14.1263,0.0,17.26
2021-09-21,14.0826,0.0,17.26
2021-09-22,14.0475,0.0,17.26
2021-09-23,14.1626,0.0,17.26
2021-09-24,14.2343,0.0,17.26
2021-09-27,14.4026,0.0,17.26
2021-09-28,14.6194,0.0,17.26
2021-09-29,14.5372,0.0,17.26
2021-09-30,14.555,0.0,17.26
2021-10-01,14.4604,0.0,17.47
2021-10-04,14.4027,0.0,17.47
2021-10-05,14.3588,0.0,17.47
2021-10-06,14.2769,0.0,17.47
2021-10-07,14.1964,0.0,17.47
2021-10-08,14.1984,0.0,17.47
2021-10-11,14.1038,0.0,17.47
2021-10-12,14.1955,0.0,17.47
2021-10-13,14.1279,0.0,17.47
2021-10-14,14.3965,5.0,17.47
2021-10-15,14.369,5.7,17.47
2021-10-18,14.3888,4.7,17.47
2021-10-19,14.2854,0.0,17.47
2021-10-20,14.4532,2.1,17.47
2021-10-21,14.5665,0.0,17.47
2021-10-22,14.6047,0.0,17.47
2021-10-25,14.4946,3.0,17.47
2021-10-26,14.5258,0.0,17.47
2021-10-27,14.4368,0.0,17.47
2021-10-28,14.5812,0.0,17.47
2021-10-29,14.6655,8.8,17.47
2021-11-01,14.6847,7.4,18.2
2021-11-02,14.4758,0.0,18.2
2021-11-03,14.3999,0.0,18.2
2021-11-04,14.4751,0.2,18.2
2021-11-05,14.5968,0.0,18.2
2021-11-08,14.708,0.0,18.2
2021-11-09,14.5751,7.9,18.2
2021-11-10,14.6138,0.0,18.2
2021-11-11,14.7165,5.7,18.2
2021-11-12,14.5776,6.9,18.2
2021-11-15,14.5885,0.0,18.2
2021-11-16,14.6248,10.6,18.2
2021-11-17,14.609,0.0,18.2
2021-11-18,14.4537,4.3,18.2
2021-11-19,14.4374,1.2,18.2
2021-11-22,14.4211,0.0,18.2
2021-11-23,14.4212,3.7,18.2
2021-11-24,14.3839,3.3,18.2
2021-11-25,14.3578,0.0,18.2
2021-11-26,14.3683,0.0,18.2
2021-11-29,14.4221,0.0,18.2
2021-11-30,14.4082,6.1,18.2
2021-12-01,14.3849,9.2,17.97
2021-12-02,14.4071,0.0,17.97
2021-12-03,14.2479,6.3,17.97
2021-12-06,14.3062,10.1,17.97
2021-12-07,14.3209,0.0,17.97
2021-12-08,14.339,8.8,17.97
2021-12-09,14.44,15.7,17.97
2021-12-10,14.2777,3.4,17.97
2021-12-13,14.1151,7.5,17.97
2021-12-14,14.1565,0.0,17.97
2021-12-15,14.1722,0.0,17.97
2021-12-16,14.2038,9.3,17.97
2021-12-17,14.1781,2.3,17.97
2021-12-20,14.2541,0.0,17.97
2021-12-21,14.3535,18.8,17.97
2021-12-22,14.4116,15.5,17.97
2021-12-23,14.402,0.0,17.97
2021-12-24,14.2264,0.0,17.97
2021-12-27,14.3114,0.8,17.97
2021-12-28,14.4364,0.0,17.97
2021-12-29,14.5082,6.6,17.97
2021-12-30,14.4421,0.0,17.97
2021-12-31,14.5165,13.3,17.97
2022-01-03,14.6069,5.8,17.03
2022-01-04,14.7594,0.0,17.03
2022-01-05,14.6912,43.2,17.03
2022-01-06,14.6821,8.4,17.03
2022-01-07,14.7609,1.3,17.03
2022-01-10,14.7767,0.0,17.03
2022-01-11,14.6867,0.0,17.03
2022-01-12,14.7355,3.2,17.03
2022-01-13,14.7986,0.0,17.03
2022-01-14,14.8169,0.0,17.03
2022-01-17,14.8469,1.0,17.03
2022-01-18,14.8336,14.3,17.03
2022-01-19,14.9767,4.3,17.03
2022-01-20,14.9044,2.7,17.03
2022-01-21,14.8609,6.1,17.03
2022-01-24,14.8718,25.7,17.03
2022-01-25,14.9608,16.1,17.03
2022-01-26,14.8349,15.1,17.03
2022-01-27,14.7272,0.0,17.03
2022-01-28,14.5552,11.0,17.03
2022-01-31,14.5712,0.0,17.03
2022-02-01,14.4834,0.0,16.72
2022-02-02,14.4626,0.0,16.72
2022-02-03,14.5362,0.0,16.72
2022-02-04,14.4918,0.0,16.72
2022-02-07,14.5264,23.0,16.72
2022-02-08,14.513,0.0,16.72
2022-02-09,14.5871,5.2,16.72
2022-02-10,14.6428,0.0,16.72
2022-02-11,14.5929,3.9,16.72
2022-02-14,14.5906,9.3,16.72
2022-02-15,14.6974,13.6,16.72
2022-02-16,14.7447,0.0,16.72
2022-02-17,14.6304,1.6,16.72
2022-02-18,14.7021,7.9,16.72
2022-02-21,14.6163,8.9,16.72
2022-02-22,14.7563,15.3,16.72
2022-02-23,14.8598,0.0,16.72
2022-02-24,14.8963,0.0,16.72
2022-02-25,14.9205,35.1,16.72
2022-02-28,14.9115,18.2,16.72
2022-03-01,14.9825,6.2,16.95
2022-03-02,14.9584,20.7,16.95
2022-03-03,14.9891,0.0,16.95
2022-03-04,15.0768,0.0,16.95
2022-03-07,15.0346,13.7,16.95
2022-03-08,14.988,0.0,16.95
2022-03-09,14.8898,3.7,16.95
2022-03-10,14.8043,0.0,16.95
2022-03-11,14.6509,0.0,16.95
2022-03-14,14.7293,0.0,16.95
2022-03-15,14.9041,0.0,16.95
2022-03-16,15.0426,0.0,16.95
2022-03-17,14.9051,0.0,16.95
2022-03-18,14.9806,5.4,16.95
2022-03-21,15.1182,26.6,16.95
2022-03-22,15.0852,0.0,16.95
2022-03-23,15.1029,0.0,16.95
2022-03-24,14.9306,0.0,16.95
2022-03-25,14.9647,0.0,16.95
2022-03-28,14.8788,16.0,16.95
2022-03-29,14.9074,0.0,16.95
2022-03-30,14.7773,0.0,16.95
2022-03-31,14.8379,0.0,16.95
2022-04-01,14.9413,0.0,17.02
2022-04-04,14.881,10.8,17.02
2022-04-05,14.7894,0.0,17.02
2022-04-06,14.6071,0.0,17.02
2022-04-07,14.5966,0.0,17.02
2022-04-08,14.558,0.0,17.02
2022-04-11,14.4324,1.0,17.02
2022-04-12,14.4886,0.0,17.02
2022-04-13,14.4629,0.0,17.02
2022-04-14,14.3812,0.0,17.02
2022-04-15,14.3472,0.0,17.02
2022-04-18,14.4599,20.1,17.02
2022-04-19,14.5293,17.2,17.02
2022-04-20,14.5321,1.2,17.02
2022-04-21,14.6024,0.5,17.02
2022-04-22,14.5117,0.0,17.02
2022-04-25,14.5294,0.0,17.02
2022-04-26,14.5572,0.0,17.02
2022-04-27,14.5293,0.0,17.02
2022-04-28,14.5831,0.0,17.02
2022-04-29,14.527,0.0,17.02
2022-05-02,14.5876,2.8,16.65
2022-05-03,14.6514,0.0,16.65
2022-05-04,14.4023,8.6,16.65
2022-05-05,14.5255,0.0,16.65
2022-05-06,14.266,8.9,16.65
2022-05-09,14.2279,0.0,16.65
2022-05-10,14.338,0.0,16.65
2022-05-11,14.3262,8.0,16.65
2022-05-12,14.2111,15.9,16.65
2022-05-13,14.1308,0.0,16.65
2022-05-16,14.2421,0.0,16.65
2022-05-17,14.0869,0.0,16.65
2022-05-18,14.2079,4.8,16.65
2022-05-19,14.2211,0.0,16.65
2022-05-20,14.1318,0.0,16.65
2022-05-23,14.0983,0.0,16.65
2022-05-24,14.0261,0.0,16.65
2022-05-25,14.1241,0.0,16.65
2022-05-26,14.2091,0.0,16.65
2022-05-27,14.0727,3.5,16.65
2022-05-30,14.056,0.0,16.65
2022-05-31,13.9982,0.0,16.65
2022-06-01,14.135,0.0,16.22
2022-06-02,14.0326,0.0,16.22
2022-06-03,14.1972,0.0,16.22
2022-06-06,14.2127,0.0,16.22
2022-06-07,14.1265,0.0,16.22
2022-06-08,14.0848,0.0,16.22
2022-06-09,14.0324,0.0,16.22
2022-06-10,13.9379,0.0,16.22
2022-06-13,13.9677,0.0,16.22
2022-06-14,13.8781,0.0,16.22
2022-06-15,13.7037,0.0,16.22
2022-06-16,13.6932,0.0,16.22
2022-06-17,13.5547,0.0,16.22
2022-06-20,13.5122,0.0,16.22
2022-06-21,13.4559,0.0,16.22
2022-06-22,13.4037,0.0,16.22
2022-06-23,13.6105,0.0,16.22
2022-06-24,13.6403,0.0,16.22
2022-06-27,13.6868,0.0,16.22
2022-06-28,13.5509,0.0,16.22
2022-06-29,13.5173,0.0,16.22
2022-06-30,13.5624,0.0,16.22
2022-07-01,13.4955,0.0,16.15
2022-07-04,13.6032,0.0,16.15
2022-07-05,13.5198,0.0,16.15
2022-07-06,13.5198,0.0,16.15
2022-07-07,13.4928,0.0,16.15
2022-07-08,13.5337,0.0,16.15
2022-07-11,13.5017,0.0,16.15
2022-07-12,13.5034,0.0,16.15
2022-07-13,13.5081,0.0,16.15
2022-07-14,13.4681,0.0,16.15
2022-07-15,13.5381,0.0,16.15
2022-07-18,13.5853,0.0,16.15
2022-07-19,13.6026,0.0,16.15
2022-07-20,13.589,0.0,16.15
2022-07-21,13.686,0.0,16.15
2022-07-22,13.6891,0.0,16.15
2022-07-25,13.6859,0.0,16.15
2022-07-26,13.7197,0.0,16.15
2022-07-27,13.8964,0.0,16.15
2022-07-28,13.7981,0.0,16.15
2022-07-29,13.8908,0.0,16.15
2022-08-01,13.7428,0.0,15.78
2022-08-02,13.7863,0.0,15.78
2022-08-03,13.9515,0.0,15.78
2022-08-04,14.0174,0.0,15.78
2022-08-05,14.054,0.0,15.78
2022-08-08,14.0245,0.0,15.78
2022-08-09,14.0485,0.0,15.78
2022-08-10,14.0468,0.0,15.78
2022-08-11,13.9971,0.0,15.78
2022-08-12,13.9925,0.0,15.78
2022-08-15,14.032,0.0,15.78
2022-08-16,13.9842,0.0,15.78
2022-08-17,13.9334,0.0,15.78
2022-08-18,13.8332,0.0,15.78
2022-08-19,13.8917,0.0,15.78
2022-08-22,13.9635,0.0,15.78
2022-08-23,14.0063,0.0,15.78
2022-08-24,14.1148,0.0,15.78
2022-08-25,14.1433,0.0,15.78
2022-08-26,14.1989,0.0,15.78
2022-08-29,14.246,0.0,15.78
2022-08-30,14.2571,0.0,15.78
2022-08-31,14.2285,0.0,15.78
2022-09-01,14.4473,0.0,16.02
2022-09-02,14.424,0.0,16.02
2022-09-05,14.3817,0.0,16.02
2022-09-06,14.4388,0.0,16.02
2022-09-07,14.479,0.0,16.02
2022-09-08,14.3697,0.0,16.02
2022-09-09,14.4889,0.0,16.02
2022-09-12,14.4975,0.2,16.02
2022-09-13,14.4146,0.0,16.02
2022-09-14,14.5394,0.0,16.02
2022-09-15,14.6123,0.0,16.02
2022-09-16,14.5144,0.0,16.02
2022-09-19,14.6913,0.0,16.02
2022-09-20,14.7658,0.0,16.02
2022-09-21,14.7793,0.0,16.02
2022-09-22,14.9368,0.0,16.02
2022-09-23,14.9639,0.0,16.02
2022-09-26,14.9739,0.0,16.02
2022-09-27,14.9269,0.0,16.02
2022-09-28,14.9922,0.0,16.02
2022-09-29,15.0474,4.5,16.02
2022-09-30,15.0605,1.1,16.02
2022-10-03,15.0011,0.0,15.93
2022-10-04,15.025,5.3,15.93
2022-10-05,15.0308,0.0,15.93
2022-10-06,14.9228,0.0,15.93
2022-10-07,14.8035,11.1,15.93
2022-10-10,14.8687,4.2,15.93
2022-10-11,14.6482,0.0,15.93
2022-10-12,14.6827,3.4,15.93
2022-10-13,14.6553,9.2,15.93
2022-10-14,14.7889,4.0,15.93
2022-10-17,14.7591,0.0,15.93
2022-10-18,14.8333,0.0,15.93
2022-10-19,14.8118,4.6,15.93
2022-10-20,14.8365,0.0,15.93
2022-10-21,14.917,0.0,15.93
2022-10-24,14.8888,10.2,15.93
2022-10-25,14.9922,4.0,15.93
2022-10-26,14.9155,0.0,15.93
2022-10-27,14.9555,0.0,15.93
2022-10-28,15.0516,0.0,15.93
2022-10-31,15.1232,0.0,15.93
2022-11-01,15.3072,7.1,15.78
2022-11-02,15.2481,0.0,15.78
2022-11-03,15.1343,0.0,15.78
2022-11-04,15.0562,0.0,15.78
2022-11-07,15.1279,3.7,15.78
2022-11-08,15.1842,0.3,15.78
2022-11-09,15.2044,0.1,15.78
2022-11-10,15.1142,24.6,15.78
2022-11-11,15.1949,8.6,15.78
2022-11-14,15.0956,0.0,15.78
2022-11-15,15.2119,0.6,15.78
2022-11-16,15.4799,0.0,15.78
2022-11-17,15.521,2.8,15.78
2022-11-18,15.5813,9.5,15.78
2022-11-21,15.5441,0.0,15.78
2022-11-22,15.3888,0.0,15.78
2022-11-23,15.3437,7.0,15.78
2022-11-24,15.255,0.0,15.78
2022-11-25,15.1353,9.6,15.78
2022-11-28,15.302,10.8,15.78
2022-11-29,15.3367,0.0,15.78
2022-11-30,15.3807,7.1,15.78
2022-12-01,15.3622,0.0,15.57
2022-12-02,15.3562,4.9,15.57
2022-12-05,15.4527,0.0,15.57
2022-12-06,15.4585,0.0,15.57
2022-12-07,15.5149,4.3,15.57
2022-12-08,15.5054,37.0,15.57
2022-12-09,15.4829,2.3,15.57
2022-12-12,15.3647,0.0,15.57
2022-12-13,15.1964,0.0,15.57
2022-12-14,15.1843,0.0,15.57
2022-12-15,15.2009,6.0,15.57
2022-12-16,15.0965,10.3,15.57
2022-12-19,15.1059,0.0,15.57
2022-12-20,15.1231,6.6,15.57
2022-12-21,14.9413,0.0,15.57
2022-12-22,14.873,1.2,15.57
2022-12-23,14.9244,11.0,15.57
2022-12-26,14.9736,23.7,15.57
2022-12-27,14.8835,6.9,15.57
2022-12-28,14.9125,0.0,15.57
2022-12-29,15.019,15.5,15.57
2022-12-30,15.1024,0.0,15.57
2023-01-02,15.1064,0.0,15.72
2023-01-03,15.0769,0.0,15.72
2023-01-04,15.0331,0.0,15.72
2023-01-05,15.0886,0.0,15.72
2023-01-06,15.119,0.0,15.72
2023-01-09,15.1882,25.9,15.72
2023-01-10,15.2119,7.0,15.72
2023-01-11,15.2973,0.0,15.72
2023-01-12,15.3166,7.4,15.72
2023-01-13,15.3979,8.3,15.72
2023-01-16,15.4861,0.0,15.72
2023-01-17,15.4227,2.4,15.72
2023-01-18,15.2696,20.5,15.72
2023-01-19,15.4197,0.0,15.72
2023-01-20,15.4526,16.9,15.72
2023-01-23,15.3077,0.0,15.72
2023-01-24,15.2543,4.5,15.72
2023-01-25,15.3352,0.0,15.72
2023-01-26,15.3207,0.0,15.72
2023-01-27,15.2855,23.3,15.72
2023-01-30,15.4227,10.1,15.72
2023-01-31,15.3383,2.2,15.72
2023-02-01,15.2772,0.9,15.8
2023-02-02,15.3076,18.2,15.8
2023-02-03,15.3538,0.0,15.8
2023-02-06,15.409,0.5,15.8
2023-02-07,15.5011,0.0,15.8
2023-02-08,15.5282,12.3,15.8
2023-02-09,15.5812,0.0,15.8
2023-02-10,15.5663,10.0,15.8
2023-02-13,15.5805,1.6,15.8
2023-02-14,15.5987,0.0,15.8
2023-02-15,15.6263,8.0,15.8
2023-02-16,15.7039,0.0,15.8
2023-02-17,15.7612,5.8,15.8
2023-02-20,15.7719,0.0,15.8
2023-02-21,15.7058,0.0,15.8
2023-02-22,15.7192,0.0,15.8
2023-02-23,15.7239,3.1,15.8
2023-02-24,15.7485,1.9,15.8
2023-02-27,15.9541,2.1,15.8
2023-02-28,15.9119,23.3,15.8
2023-03-01,15.9553,12.6,15.93
2023-03-02,16.0564,0.0,15.93
2023-03-03,16.0692,0.0,15.93
2023-03-06,16.2835,0.0,15.93
2023-03-07,16.2512,6.6,15.93
2023-03-08,16.2825,1.4,15.93
2023-03-09,16.2124,0.0,15.93
2023-03-10,16.1833,2.5,15.93
2023-03-13,16.2086,2.6,15.93
2023-03-14,16.2873,0.0,15.93
2023-03-15,16.3179,0.0,15.93
2023-03-16,16.4328,0.0,15.93
2023-03-17,16.4247,13.5,15.93
2023-03-20,16.3953,0.0,15.93
2023-03-21,16.6395,42.6,15.93
2023-03-22,16.6734,7.8,15.93
2023-03-23,16.6068,0.0,15.93
2023-03-24,16.5431,24.6,15.93
2023-03-27,16.4577,0.0,15.93
2023-03-28,16.5423,0.0,15.93
2023-03-29,16.509,7.3,15.93
2023-03-30,16.5204,0.0,15.93
2023-03-31,16.5144,0.0,15.93
2023-04-03,16.5801,0.0,16.05
2023-04-04,16.5031,0.0,16.05
2023-04-05,16.4063,0.0,16.05
2023-04-06,16.4275,6.5,16.05
2023-04-07,16.4823,0.0,16.05
2023-04-10,16.5125,0.0,16.05
2023-04-11,16.4397,0.0,16.05
2023-04-12,16.5014,0.0,16.05
2023-04-13,16.4346,0.0,16.05
2023-04-14,16.3885,0.0,16.05
2023-04-17,16.3048,0.0,16.05
2023-04-18,16.4241,0.0,16.05
2023-04-19,16.4821,0.0,16.05
2023-04-20,16.537,0.0,16.05
2023-04-21,16.6492,0.0,16.05
2023-04-24,16.9011,0.0,16.05
2023-04-25,16.7436,3.3,16.05
2023-04-26,16.6751,0.0,16.05
2023-04-27,16.6182,0.0,16.05
2023-04-28,16.5409,0.0,16.05
2023-05-01,16.4439,15.7,16.09
2023-05-02,16.4179,0.0,16.09
2023-05-03,16.3097,0.0,16.09
2023-05-04,16.3422,0.0,16.09
2023-05-05,16.3489,4.2,16.09
2023-05-08,16.3942,0.0,16.09
2023-05-09,16.4415,0.0,16.09
2023-05-10,16.4969,0.0,16.09
2023-05-11,16.4639,2.0,16.09
2023-05-12,16.6558,0.0,16.09
2023-05-15,16.6759,0.0,16.09
2023-05-16,16.5072,0.0,16.09
2023-05-17,16.4176,8.1,16.09
2023-05-18,16.2624,0.0,16.09
2023-05-19,16.2671,0.0,16.09
2023-05-22,16.2592,0.0,16.09
2023-05-23,16.2201,0.0,16.09
2023-05-24,16.4047,0.0,16.09
2023-05-25,16.4558,0.0,16.09
2023-05-26,16.5224,2.8,16.09
2023-05-29,16.4392,0.0,16.09
2023-05-30,16.3508,0.0,16.09
2023-05-31,16.3564,0.0,16.09
2023-06-01,16.3743,0.0,15.78
2023-06-02,16.2094,0.0,15.78
2023-06-05,16.197,0.0,15.78
2023-06-06,16.2023,0.0,15.78
2023-06-07,16.1869,0.0,15.78
2023-06-08,16.1178,0.0,15.78
2023-06-09,16.0741,0.0,15.78
2023-06-12,16.0634,2.9,15.78
2023-06-13,16.077,22.1,15.78
2023-06-14,16.1368,0.0,15.78
2023-06-15,16.2388,0.0,15.78
2023-06-16,16.216,0.0,15.78
2023-06-19,16.1789,0.0,15.78
2023-06-20,16.2227,0.0,15.78
2023-06-21,16.2816,0.0,15.78
2023-06-22,16.2459,0.0,15.78
2023-06-23,16.3208,0.0,15.78
2023-06-26,16.412,0.0,15.78
2023-06-27,16.5304,0.0,15.78
2023-06-28,16.6915,0.0,15.78
2023-06-29,16.6129,0.0,15.78
2023-06-30,16.6143,0.0,15.78
2023-07-03,16.6156,0.0,15.59
2023-07-04,16.6069,0.0,15.59
2023-07-05,16.5488,0.0,15.59
2023-07-06,16.4161,3.8,15.59
2023-07-07,16.4267,0.4,15.59
2023-07-10,16.3597,0.0,15.59
2023-07-11,16.3703,0.0,15.59
2023-07-12,16.3016,0.0,15.59
2023-07-13,16.2062,0.0,15.59
2023-07-14,16.2317,0.0,15.59
2023-07-17,16.2496,0.0,15.59
2023-07-18,16.3058,0.0,15.59
2023-07-19,16.506,0.0,15.59
2023-07-20,16.5326,0.0,15.59
2023-07-21,16.5775,0.0,15.59
2023-07-24,16.4814,0.0,15.59
2023-07-25,16.3675,0.0,15.59
2023-07-26,16.513,0.0,15.59
2023-07-27,16.4315,0.0,15.59
2023-07-28,16.3399,0.0,15.59
2023-07-31,16.3398,0.0,15.59
2023-08-01,16.335,0.0,15.51
2023-08-02,16.2573,1.9,15.51
2023-08-03,16.2341,0.0,15.51
2023-08-04,16.3492,4.8,15.51
2023-08-07,16.2801,0.0,15.51
2023-08-08,16.1587,7.4,15.51
2023-08-09,16.2489,0.0,15.51
2023-08-10,16.2977,0.0,15.51
2023-08-11,16.2458,0.0,15.51
2023-08-14,16.1079,0.0,15.51
2023-08-15,16.0468,1.4,15.51
2023-08-16,16.0484,0.0,15.51
2023-08-17,16.1599,8.9,15.51
2023-08-18,16.0721,0.0,15.51
2023-08-21,16.0708,5.2,15.51
2023-08-22,16.138,0.0,15.51
2023-08-23,15.9294,0.0,15.51
2023-08-24,16.0303,0.0,15.51
2023-08-25,15.9307,0.0,15.51
2023-08-28,15.9685,0.0,15.51
2023-08-29,15.9982,0.4,15.51
2023-08-30,16.1031,0.0,15.51
2023-08-31,16.1589,0.0,15.51
2023-09-01,15.9506,0.0,16.29
2023-09-04,15.8877,0.0,16.29
2023-09-05,15.9086,0.0,16.29
2023-09-06,15.8993,0.0,16.29
2023-09-07,15.9507,0.0,16.29
2023-09-08,16.0296,0.0,16.29
2023-09-11,16.0914,3.6,16.29
2023-09-12,16.0786,8.3,16.29
2023-09-13,15.9191,0.0,16.29
2023-09-14,15.8864,12.3,16.29
2023-09-15,15.9325,1.5,16.29
2023-09-18,15.8425,8.9,16.29
2023-09-19,15.9084,0.0,16.29
2023-09-20,15.9986,4.8,16.29
2023-09-21,16.0176,1.7,16.29
2023-09-22,15.7493,0.0,16.29
2023-09-25,15.6444,0.0,16.29
2023-09-26,15.8253,0.0,16.29
2023-09-27,15.7855,0.0,16.29
2023-09-28,15.6167,0.0,16.29
2023-09-29,15.7394,0.0,16.29
2023-10-02,15.751,0.0,15.88
2023-10-03,15.8606,2.2,15.88
2023-10-04,15.8947,0.0,15.88
2023-10-05,15.9448,1.6,15.88
2023-10-06,15.9858,0.9,15.88
2023-10-09,16.0565,0.0,15.88
2023-10-10,16.2688,20.0,15.88
2023-10-11,16.3613,7.8,15.88
2023-10-12,16.2233,0.0,15.88
2023-10-13,16.2692,0.0,15.88
2023-10-16,16.3772,7.3,15.88
2023-10-17,16.4896,12.9,15.88
2023-10-18,16.4542,0.5,15.88
2023-10-19,16.5625,27.6,15.88
2023-10-20,16.6484,0.0,15.88
2023-10-23,16.8815,0.0,15.88
2023-10-24,16.8132,0.0,15.88
2023-10-25,16.7675,0.0,15.88
2023-10-26,16.7403,0.0,15.88
2023-10-27,16.6969,0.0,15.88
2023-10-30,16.6179,9.8,15.88
2023-10-31,16.3713,6.7,15.88
2023-11-01,16.3366,0.0,15.79
2023-11-02,16.3747,0.0,15.79
2023-11-03,16.3347,4.0,15.79
2023-11-06,16.5138,20.7,15.79
2023-11-07,16.5181,16.9,15.79
2023-11-08,16.6374,3.5,15.79
2023-11-09,16.6629,0.0,15.79
2023-11-10,16.7389,0.0,15.79
2023-11-13,16.765,0.0,15.79
2023-11-14,16.8889,12.4,15.79
2023-11-15,16.8934,1.5,15.79
2023-11-16,16.9375,0.0,15.79
2023-11-17,16.9695,0.0,15.79
2023-11-20,16.9423,13.1,15.79
2023-11-21,16.9778,18.8,15.79
2023-11-22,17.1776,0.0,15.79
2023-11-23,17.15,0.0,15.79
2023-11-24,17.1848,0.0,15.79
2023-11-27,17.2947,0.0,15.79
2023-11-28,17.3929,2.8,15.79
2023-11-29,17.3886,6.0,15.79
2023-11-30,17.1688,15.1,15.79
2023-12-01,17.2123,0.0,15.89
2023-12-04,17.0091,0.0,15.89
2023-12-05,17.1399,5.9,15.89
2023-12-06,17.1525,0.0,15.89
2023-12-07,17.2396,20.2,15.89
2023-12-08,17.1548,12.4,15.89
2023-12-11,17.0123,20.6,15.89
2023-12-12,17.0344,0.0,15.89
2023-12-13,17.0298,0.0,15.89
2023-12-14,16.9841,7.2,15.89
2023-12-15,16.9907,0.0,15.89
2023-12-18,17.2387,0.0,15.89
2023-12-19,17.3103,0.0,15.89
2023-12-20,17.4006,0.0,15.89
2023-12-21,17.4714,10.9,15.89
2023-12-22,17.5988,0.0,15.89
2023-12-25,17.5747,0.0,15.89
2023-12-26,17.383,0.0,15.89
2023-12-27,17.3612,27.9,15.89
2023-12-28,17.4297,0.0,15.89
2023-12-29,17.3371,0.0,15.89
2024-01-01,17.3169,14.9,15.84
2024-01-02,17.2506,0.0,15.84
2024-01-03,17.3824,45.6,15.84
2024-01-04,17.4451,13.9,15.84
2024-01-05,17.4985,3.9,15.84
2024-01-08,17.5486,0.0,15.84
2024-01-09,17.539,0.0,15.84
2024-01-10,17.5506,26.1,15.84
2024-01-11,17.4376,0.0,15.84
2024-01-12,17.2357,13.9,15.84
2024-01-15,17.2461,0.7,15.84
2024-01-16,17.2721,0.0,15.84
2024-01-17,17.3776,0.0,15.84
2024-01-18,17.5146,0.0,15.84
2024-01-19,17.6501,0.0,15.84
2024-01-22,17.5531,0.0,15.84
2024-01-23,17.5153,4.4,15.84
2024-01-24,17.5528,9.4,15.84
2024-01-25,17.7746,23.2,15.84
2024-01-26,17.8995,0.0,15.84
2024-01-29,17.9907,0.0,15.84
2024-01-30,17.9454,0.0,15.84
2024-01-31,17.856,2.6,15.84
2024-02-01,17.918,5.2,16.28
2024-02-02,17.8093,0.0,16.28
2024-02-05,17.7794,0.0,16.28
2024-02-06,17.7609,6.5,16.28
2024-02-07,17.8962,21.2,16.28
2024-02-08,17.855,2.0,16.28
2024-02-09,17.6266,2.4,16.28
2024-02-12,17.6654,1.2,16.28
2024-02-13,17.5956,10.8,16.28
2024-02-14,17.5932,0.0,16.28
2024-02-15,17.5792,18.9,16.28
2024-02-16,17.5486,9.8,16.28
2024-02-19,17.614,4.0,16.28
2024-02-20,17.4697,0.0,16.28
2024-02-21,17.4183,6.5,16.28
2024-02-22,17.4756,1.5,16.28
2024-02-23,17.4154,20.5,16.28
2024-02-26,17.2664,0.0,16.28
2024-02-27,17.3238,0.0,16.28
2024-02-28,17.4216,23.7,16.28
2024-02-29,17.4133,6.4,16.28
2024-03-01,17.2327,13.4,16.23
2024-03-04,17.2939,0.0,16.23
2024-03-05,17.1416,0.0,16.23
2024-03-06,17.168,2.5,16.23
2024-03-07,17.0865,5.1,16.23
2024-03-08,16.9814,0.0,16.23
2024-03-11,16.9419,0.0,16.23
2024-03-12,16.9261,9.7,16.23
2024-03-13,16.869,11.0,16.23
2024-03-14,16.9235,19.0,16.23
2024-03-15,16.8843,0.0,16.23
2024-03-18,16.9739,0.0,16.23
2024-03-19,16.9997,0.0,16.23
2024-03-20,16.9372,0.0,16.23
2024-03-21,16.8602,5.1,16.23
2024-03-22,16.7136,21.7,16.23
2024-03-25,16.7429,10.8,16.23
2024-03-26,16.7139,0.0,16.23
2024-03-27,16.5037,0.0,16.23
2024-03-28,16.4608,17.1,16.23
2024-03-29,16.3855,0.7,16.23
2024-04-01,16.5339,0.0,16.21
2024-04-02,16.3857,0.0,16.21
2024-04-03,16.2626,0.0,16.21
2024-04-04,16.3704,9.7,16.21
2024-04-05,16.4993,0.0,16.21
2024-04-08,16.4378,0.0,16.21
2024-04-09,16.3871,0.0,16.21
2024-04-10,16.4492,0.0,16.21
2024-04-11,16.2459,0.0,16.21
2024-04-12,16.0865,0.0,16.21
2024-04-15,16.071,0.0,16.21
2024-04-16,16.2205,0.0,16.21
2024-04-17,16.1897,0.0,16.21
2024-04-18,16.2076,0.0,16.21
2024-04-19,16.3183,0.0,16.21
2024-04-22,16.5155,11.2,16.21
2024-04-23,16.4692,8.6,16.21
2024-04-24,16.4737,0.0,16.21
2024-04-25,16.6438,0.0,16.21
2024-04-26,16.5112,0.0,16.21
2024-04-29,16.6094,0.0,16.21
2024-04-30,16.5225,0.0,16.21
2024-05-01,16.5374,0.0,16.55
2024-05-02,16.5211,0.0,16.55
2024-05-03,16.4406,0.7,16.55
2024-05-06,16.3586,0.0,16.55
2024-05-07,16.3909,4.8,16.55
2024-05-08,16.4876,0.0,16.55
2024-05-09,16.482,0.0,16.55
2024-05-10,16.4946,0.0,16.55
2024-05-13,16.5521,0.0,16.55
2024-05-14,16.4702,0.0,16.55
2024-05-15,16.5431,0.0,16.55
2024-05-16,16.6226,0.0,16.55
2024-05-17,16.8618,0.0,16.55
2024-05-20,16.8305,0.0,16.55
2024-05-21,16.7921,0.0,16.55
2024-05-22,16.8646,0.0,16.55
2024-05-23,16.9409,0.0,16.55
2024-05-24,16.8946,0.0,16.55
2024-05-27,16.8606,9.6,16.55
2024-05-28,16.912,0.0,16.55
2024-05-29,16.8397,0.0,16.55
2024-05-30,16.8057,0.0,16.55
2024-05-31,16.817,0.0,16.55
2024-06-03,16.9099,0.0,17.25
2024-06-04,16.8577,0.0,17.25
2024-06-05,16.6948,0.0,17.25
2024-06-06,16.5267,0.0,17.25
2024-06-07,16.4196,0.0,17.25
2024-06-10,16.3087,0.0,17.25
2024-06-11,16.3032,0.0,17.25
2024-06-12,16.2046,0.0,17.25
2024-06-13,16.1509,17.7,17.25
2024-06-14,16.0912,0.0,17.25
2024-06-17,16.0623,0.0,17.25
2024-06-18,16.1923,0.0,17.25
2024-06-19,16.2615,0.0,17.25
2024-06-20,16.272,0.0,17.25
2024-06-21,16.2395,0.0,17.25
2024-06-24,16.2097,0.0,17.25
2024-06-25,16.2488,0.0,17.25
2024-06-26,16.3107,0.0,17.25
2024-06-27,16.2376,0.0,17.25
2024-06-28,16.2503,0.0,17.25
2024-07-01,16.0767,0.0,17.8
2024-07-02,16.1068,0.0,17.8
2024-07-03,16.1862,0.0,17.8
2024-07-04,16.1709,0.0,17.8
2024-07-05,16.3446,0.0,17.8
2024-07-08,16.2737,3.5,17.8
2024-07-09,16.3025,0.0,17.8
2024-07-10,16.3081,0.0,17.8
2024-07-11,16.308,0.0,17.8
2024-07-12,16.3066,0.0,17.8
2024-07-15,16.3251,0.0,17.8
2024-07-16,16.4102,0.0,17.8
2024-07-17,16.5422,0.2,17.8
2024-07-18,16.5486,0.0,17.8
2024-07-19,16.6286,0.0,17.8
2024-07-22,16.5712,0.0,17.8
2024-07-23,16.6466,0.0,17.8
2024-07-24,16.5836,0.0,17.8
2024-07-25,16.6881,0.0,17.8
2024-07-26,16.8924,0.0,17.8
2024-07-29,16.8847,0.0,17.8
2024-07-30,16.6907,0.0,17.8
2024-07-31,16.6467,0.0,17.8
2024-08-01,16.7634,0.0,17.81
2024-08-02,16.8178,0.0,17.81
2024-08-05,16.8444,0.0,17.81
2024-08-06,16.939,0.0,17.81
2024-08-07,16.9856,0.0,17.81
2024-08-08,17.0977,0.0,17.81
2024-08-09,17.1819,0.0,17.81
2024-08-12,17.3194,0.0,17.81
2024-08-13,17.3509,0.0,17.81
2024-08-14,17.4313,0.0,17.81
2024-08-15,17.4019,0.0,17.81
2024-08-16,17.3462,0.0,17.81
2024-08-19,17.4989,0.0,17.81
2024-08-20,17.5159,0.0,17.81
2024-08-21,17.5857,0.0,17.81
2024-08-22,17.5936,0.0,17.81
2024-08-23,17.5375,1.8,17.81
2024-08-26,17.5357,0.0,17.81
2024-08-27,17.6622,0.0,17.81
2024-08-28,17.7082,0.0,17.81
2024-08-29,17.5498,0.0,17.81
2024-08-30,17.5276,0.0,17.81
2024-09-02,17.6855,0.0,17.85
2024-09-03,17.6621,0.0,17.85
2024-09-04,17.4962,0.0,17.85
2024-09-05,17.6644,4.6,17.85
2024-09-06,17.722,0.0,17.85
2024-09-09,17.7113,4.3,17.85
2024-09-10,17.6736,10.9,17.85
2024-09-11,17.7672,0.0,17.85
2024-09-12,17.7136,7.3,17.85
2024-09-13,17.8127,0.0,17.85
2024-09-16,17.8563,0.0,17.85
2024-09-17,17.8728,2.2,17.85
2024-09-18,17.8801,0.0,17.85
2024-09-19,17.8585,2.4,17.85
2024-09-20,17.9471,0.0,17.85
2024-09-23,17.8628,3.2,17.85
2024-09-24,17.7112,0.0,17.85
2024-09-25,17.7625,1.9,17.85
2024-09-26,17.8148,0.0,17.85
2024-09-27,17.853,5.3,17.85
2024-09-30,17.8843,4.7,17.85
2024-10-01,17.8498,0.0,17.93
2024-10-02,17.9153,0.0,17.93
2024-10-03,17.9053,0.0,17.93
2024-10-04,17.8556,1.8,17.93
2024-10-07,17.8222,10.0,17.93
2024-10-08,17.9991,0.0,17.93
2024-10-09,17.8363,0.0,17.93
2024-10-10,17.8762,0.0,17.93
2024-10-11,17.7197,0.0,17.93
2024-10-14,17.7061,0.0,17.93
2024-10-15,17.6634,4.8,17.93
2024-10-16,17.4725,0.0,17.93
2024-10-17,17.5062,0.0,17.93
2024-10-18,17.4703,3.9,17.93
2024-10-21,17.2802,0.0,17.93
2024-10-22,17.3564,8.2,17.93
2024-10-23,17.4855,6.1,17.93
2024-10-24,17.6183,0.0,17.93
2024-10-25,17.6479,12.1,17.93
2024-10-28,17.6492,0.0,17.93
2024-10-29,17.7658,0.3,17.93
2024-10-30,17.9131,3.4,17.93
2024-10-31,18.0096,31.5,17.93
2024-11-01,17.9185,37.9,18.04
2024-11-04,17.9311,0.0,18.04
2024-11-05,17.965,16.4,18.04
2024-11-06,17.7962,0.0,18.04
2024-11-07,17.8342,0.0,18.04
2024-11-08,18.0342,5.1,18.04
2024-11-11,18.0852,19.0,18.04
2024-11-12,18.2107,26.7,18.04
2024-11-13,18.2189,0.0,18.04
2024-11-14,18.204,0.0,18.04
2024-11-15,18.2301,5.7,18.04
2024-11-18,18.1482,0.0,18.04
2024-11-19,18.0539,0.0,18.04
2024-11-20,18.1613,1.9,18.04
2024-11-21,18.2771,35.5,18.04
2024-11-22,18.1791,0.0,18.04
2024-11-25,18.2584,27.0,18.04
2024-11-26,18.242,19.3,18.04
2024-11-27,18.2642,8.0,18.04
2024-11-28,18.297,0.0,18.04
2024-11-29,18.3776,6.5,18.04
2024-12-02,18.3753,2.2,17.81
2024-12-03,18.4926,35.3,17.81
2024-12-04,18.5096,0.0,17.81
2024-12-05,18.5549,2.1,17.81
2024-12-06,18.4685,0.0,17.81
2024-12-09,18.6523,12.6,17.81
2024-12-10,18.6822,13.4,17.81
2024-12-11,18.7338,0.0,17.81
2024-12-12,18.576,0.0,17.81
2024-12-13,18.4905,3.7,17.81
2024-12-16,18.5913,0.0,17.81
2024-12-17,18.6055,0.0,17.81
2024-12-18,18.4215,4.8,17.81
2024-12-19,18.5051,0.0,17.81
2024-12-20,18.4455,0.0,17.81
2024-12-23,18.5624,4.1,17.81
2024-12-24,18.5433,0.0,17.81
2024-12-25,18.5508,6.8,17.81
2024-12-26,18.6458,23.8,17.81
2024-12-27,18.5531,0.0,17.81
2024-12-30,18.4527,0.0,17.81
2024-12-31,18.425,0.0,17.81
2025-01-01,18.4897,0.0,18.19
2025-01-02,18.3596,0.0,18.19
2025-01-03,18.2005,14.9,18.19
2025-01-06,18.2672,0.0,18.19
2025-01-07,18.2049,0.0,18.19
2025-01-08,18.1622,0.0,18.19
2025-01-09,17.9881,11.6,18.19
2025-01-10,17.9218,10.8,18.19
2025-01-13,17.9167,7.2,18.19
2025-01-14,17.996,10.6,18.19
2025-01-15,17.9213,11.2,18.19
2025-01-16,18.0661,0.0,18.19
2025-01-17,17.9986,0.0,18.19
2025-01-20,17.9319,37.1,18.19
2025-01-21,18.0658,17.5,18.19
2025-01-22,18.079,0.0,18.19
2025-01-23,18.0235,7.9,18.19
2025-01-24,18.0042,0.0,18.19
2025-01-27,18.1208,12.7,18.19
2025-01-28,18.2465,2.4,18.19
2025-01-29,18.1655,22.2,18.19
2025-01-30,18.155,0.0,18.19
2025-01-31,18.1566,31.3,18.19
2025-02-03,18.0613,0.0,18.33
2025-02-04,18.0507,11.8,18.33
2025-02-05,18.0457,13.2,18.33
2025-02-06,18.143,0.0,18.33
2025-02-07,18.2453,11.0,18.33
2025-02-10,18.2084,3.7,18.33
2025-02-11,18.1822,24.3,18.33
2025-02-12,18.2353,0.0,18.33
2025-02-13,18.1755,7.6,18.33
2025-02-14,18.2219,4.3,18.33
2025-02-17,18.207,0.0,18.33
2025-02-18,18.113,0.0,18.33
2025-02-19,18.021,0.0,18.33
2025-02-20,18.1463,0.0,18.33
2025-02-21,18.1261,0.0,18.33
2025-02-24,18.2678,14.3,18.33
2025-02-25,18.2142,16.4,18.33
2025-02-26,18.2337,0.0,18.33
2025-02-27,18.4421,0.0,18.33
2025-02-28,18.3379,0.0,18.33
2025-03-03,18.1592,0.0,18.37
2025-03-04,18.2689,4.1,18.37
2025-03-05,18.1872,0.0,18.37
2025-03-06,18.179,0.0,18.37
2025-03-07,18.12,7.8,18.37
2025-03-10,18.1385,0.0,18.37
2025-03-11,18.0471,0.0,18.37
2025-03-12,18.0261,0.5,18.37
2025-03-13,18.0619,0.0,18.37
2025-03-14,17.9661,0.0,18.37
2025-03-17,17.8991,0.0,18.37
2025-03-18,17.8645,0.0,18.37
2025-03-19,17.733,0.0,18.37
2025-03-20,17.6934,0.0,18.37
2025-03-21,17.7028,0.0,18.37
2025-03-24,17.6656,0.9,18.37
2025-03-25,17.6403,0.0,18.37
2025-03-26,17.6379,0.0,18.37
2025-03-27,17.5783,0.0,18.37
2025-03-28,17.6406,0.0,18.37
2025-03-31,17.7693,1.2,18.37
2025-04-01,17.7257,0.0,17.99
2025-04-02,17.768,0.0,17.99
2025-04-03,17.7447,0.0,17.99
2025-04-04,17.7761,0.6,17.99
2025-04-07,17.9152,0.0,17.99
2025-04-08,17.9578,6.3,17.99
2025-04-09,17.7946,0.0,17.99
2025-04-10,17.8336,0.0,17.99
2025-04-11,17.9422,0.6,17.99
2025-04-14,17.9189,0.0,17.99
2025-04-15,18.0054,0.0,17.99
2025-04-16,17.9394,0.0,17.99
2025-04-17,17.8024,7.6,17.99
2025-04-18,17.8133,0.0,17.99
2025-04-21,17.6532,0.0,17.99
2025-04-22,17.6313,0.0,17.99
2025-04-23,17.747,0.0,17.99
2025-04-24,17.5739,3.8,17.99
2025-04-25,17.4593,0.0,17.99
2025-04-28,17.3681,0.0,17.99
2025-04-29,17.365,0.0,17.99
2025-04-30,17.3348,2.9,17.99
2025-05-01,17.4637,0.0,18.07
2025-05-02,17.5513,0.0,18.07
2025-05-05,17.5967,4.8,18.07
2025-05-06,17.6103,0.0,18.07
2025-05-07,17.646,9.1,18.07
2025-05-08,17.5684,5.9,18.07
2025-05-09,17.6463,0.0,18.07
2025-05-12,17.5463,0.0,18.07
2025-05-13,17.6225,0.0,18.07
2025-05-14,17.7296,1.2,18.07
2025-05-15,17.7478,0.0,18.07
2025-05-16,17.731,0.0,18.07
2025-05-19,17.7663,0.0,18.07
2025-05-20,17.5078,0.0,18.07
2025-05-21,17.5365,0.0,18.07
2025-05-22,17.5276,0.0,18.07
2025-05-23,17.5244,0.0,18.07
2025-05-26,17.5895,0.0,18.07
2025-05-27,17.5836,2.5,18.07
2025-05-28,17.4819,0.0,18.07
2025-05-29,17.4711,0.0,18.07
2025-05-30,17.4792,0.0,18.07
2025-06-02,17.4916,0.0,17.46
2025-06-03,17.5081,0.0,17.46
2025-06-04,17.6034,0.0,17.46
2025-06-05,17.5065,0.0,17.46
2025-06-06,17.5241,0.0,17.46
2025-06-09,17.6418,0.0,17.46
2025-06-10,17.4862,0.0,17.46
2025-06-11,17.5045,0.0,17.46
2025-06-12,17.4537,0.0,17.46
2025-06-13,17.4228,0.0,17.46
2025-06-16,17.3442,1.7,17.46
2025-06-17,17.3325,0.0,17.46
2025-06-18,17.5019,0.0,17.46
2025-06-19,17.3902,0.0,17.46
2025-06-20,17.2881,0.0,17.46
2025-06-23,17.1752,0.0,17.46
2025-06-24,17.336,0.0,17.46
2025-06-25,17.2982,0.0,17.46
2025-06-26,17.3001,0.0,17.46
2025-06-27,17.2681,0.0,17.46
2025-06-30,17.1876,0.0,17.46
2025-07-01,17.1718,0.0,17.32
2025-07-02,17.3986,0.0,17.32
2025-07-03,17.5272,0.0,17.32
2025-07-04,17.4524,0.0,17.32
2025-07-07,17.5135,0.0,17.32
2025-07-08,17.4409,0.0,17.32
2025-07-09,17.284,0.0,17.32
2025-07-10,17.3803,0.0,17.32
2025-07-11,17.4883,0.0,17.32
2025-07-14,17.585,0.0,17.32
2025-07-15,17.5443,0.0,17.32
2025-07-16,17.5313,0.0,17.32
2025-07-17,17.601,0.0,17.32
2025-07-18,17.6377,15.4,17.32
2025-07-21,17.6034,0.4,17.32
2025-07-22,17.4592,0.0,17.32
2025-07-23,17.4725,0.0,17.32
2025-07-24,17.5724,0.0,17.32
2025-07-25,17.4666,0.0,17.32
2025-07-28,17.527,0.0,17.32
2025-07-29,17.5592,0.0,17.32
2025-07-30,17.6288,0.0,17.32
2025-07-31,17.7087,0.0,17.32
2025-08-01,17.6469,0.0,17.18
2025-08-04,17.5026,0.0,17.18
2025-08-05,17.4573,0.0,17.18
2025-08-06,17.5406,0.0,17.18
2025-08-07,17.4942,1.8,17.18
2025-08-08,17.4346,0.0,17.18
2025-08-11,17.2742,12.9,17.18
2025-08-12,17.437,7.3,17.18
2025-08-13,17.5149,0.0,17.18
2025-08-14,17.5869,0.0,17.18
2025-08-15,17.6761,0.0,17.18
2025-08-18,17.7292,0.0,17.18
2025-08-19,17.7079,0.0,17.18
2025-08-20,17.694,2.3,17.18
2025-08-21,17.6566,0.0,17.18
2025-08-22,17.8952,0.0,17.18
2025-08-25,17.9444,0.0,17.18
2025-08-26,17.9013,0.0,17.18
2025-08-27,17.9422,0.0,17.18
2025-08-28,17.85,11.6,17.18
2025-08-29,17.985,0.0,17.18
2025-09-01,17.9238,0.0,17.34
2025-09-02,17.9679,0.0,17.34
2025-09-03,18.0623,1.2,17.34
2025-09-04,18.0945,2.1,17.34
2025-09-05,18.1003,0.0,17.34
2025-09-08,18.0986,1.2,17.34
2025-09-09,18.0908,4.0,17.34
2025-09-10,18.0363,0.0,17.34
2025-09-11,17.9938,0.0,17.34
2025-09-12,18.1254,0.0,17.34
2025-09-15,18.1127,0.0,17.34
2025-09-16,18.0393,0.0,17.34
2025-09-17,17.9908,0.0,17.34
2025-09-18,18.0884,0.0,17.34
2025-09-19,18.1468,0.0,17.34
2025-09-22,18.1942,0.0,17.34
2025-09-23,18.1676,0.0,17.34
2025-09-24,18.216,0.0,17.34
2025-09-25,18.1545,5.0,17.34
2025-09-26,18.1281,0.0,17.34
2025-09-29,18.2127,0.0,17.34
2025-09-30,18.2878,0.0,17.34
2025-10-01,18.1952,0.0,18.06
2025-10-02,18.1149,0.0,18.06
2025-10-03,18.1222,0.0,18.06
2025-10-06,18.275,0.0,18.06
2025-10-07,18.0986,0.0,18.06
2025-10-08,18.1214,0.0,18.06
2025-10-09,17.995,0.0,18.06
2025-10-10,17.9368,8.2,18.06
2025-10-13,17.9034,1.4,18.06
2025-10-14,17.8653,0.0,18.06
2025-10-15,17.8175,0.0,18.06
2025-10-16,17.8188,0.0,18.06
2025-10-17,17.7713,29.3,18.06
2025-10-20,17.6409,0.0,18.06
2025-10-21,17.7135,0.0,18.06
2025-10-22,17.7831,0.0,18.06
2025-10-23,17.8601,10.3,18.06
2025-10-24,17.7218,0.0,18.06
2025-10-27,17.7505,6.2,18.06
2025-10-28,17.8129,0.0,18.06
2025-10-29,17.721,1.1,18.06
2025-10-30,17.7236,1.4,18.06
2025-10-31,17.715,3.6,18.06
2025-11-03,17.8828,0.0,18.32
2025-11-04,18.0563,0.0,18.32
2025-11-05,17.905,0.0,18.32
2025-11-06,18.1296,0.0,18.32
2025-11-07,18.0451,0.0,18.32
2025-11-10,18.1321,9.8,18.32
2025-11-11,18.2174,0.0,18.32
2025-11-12,18.1249,1.5,18.32
2025-11-13,18.1673,0.0,18.32
2025-11-14,18.1552,0.0,18.32
2025-11-17,18.2029,0.0,18.32
2025-11-18,18.2209,15.3,18.32
2025-11-19,18.3257,0.0,18.32
2025-11-20,18.3286,27.8,18.32
2025-11-21,18.3096,7.8,18.32
2025-11-24,18.4046,0.0,18.32
2025-11-25,18.4522,0.0,18.32
2025-11-26,18.513,0.0,18.32
2025-11-27,18.4475,3.6,18.32
2025-11-28,18.3485,0.0,18.32
2025-12-01,18.2934,0.0,18.89
2025-12-02,18.2342,6.9,18.89
2025-12-03,18.3021,0.0,18.89
2025-12-04,18.3865,11.8,18.89
2025-12-05,18.3683,0.0,18.89
2025-12-08,18.493,0.0,18.89
2025-12-09,18.6109,0.0,18.89
2025-12-10,18.6264,0.0,18.89
2025-12-11,18.5458,4.5,18.89
2025-12-12,18.6819,0.0,18.89
2025-12-15,18.6693,0.0,18.89
2025-12-16,18.6737,2.6,18.89
2025-12-17,18.6362,9.0,18.89
2025-12-18,18.5495,0.0,18.89
2025-12-19,18.4117,0.0,18.89
2025-12-22,18.4643,0.0,18.89
2025-12-23,18.389,0.0,18.89
2025-12-24,18.6604,0.0,18.89
2025-12-25,18.5559,29.3,18.89
2025-12-26,18.4371,5.8,18.89
2025-12-29,18.4786,0.0,18.89
2025-12-30,18.6114,0.0,18.89
2025-12-31,18.6111,0.0,18.89
